-- Seed: 120_ghar_re_kb_reference.sql  (GENERATED by ghar_re/seedgen.py — do not hand-edit)
-- Ghar RE v1.0 rebuild — KB/reference data transcribed from ghar_knowledge_base_v0_2.md
--   + the real reference CSVs (cuisine_groups_v4, cuisines_v4, tags_v4, ingredients_v5,
--   community_priors.csv). data_source = 'real' for verbatim authored/catalogue values,
--   'stub' for KB ⚑ 'needs refinement' cells. (The 810-dish catalogue is NOT touched.)
-- Idempotent: ON CONFLICT DO NOTHING.
BEGIN;

-- cuisine_groups (cuisine_groups_v4) [real]
INSERT INTO ghar_re.cuisine_groups (name, display_name, display_order, description, data_source) VALUES ('north_indian', 'North Indian', 1, 'Punjabi, Kashmiri, Rajasthani, Bihari & more', 'real') ON CONFLICT (name) DO NOTHING;
INSERT INTO ghar_re.cuisine_groups (name, display_name, display_order, description, data_source) VALUES ('south_indian', 'South Indian', 2, 'Tamil, Kerala, Andhra, Karnataka & more', 'real') ON CONFLICT (name) DO NOTHING;
INSERT INTO ghar_re.cuisine_groups (name, display_name, display_order, description, data_source) VALUES ('east_indian', 'East Indian', 3, 'Bengali, Odia, Assamese & more', 'real') ON CONFLICT (name) DO NOTHING;
INSERT INTO ghar_re.cuisine_groups (name, display_name, display_order, description, data_source) VALUES ('west_indian', 'West Indian', 4, 'Maharashtrian, Gujarati, Goan, Parsi & more', 'real') ON CONFLICT (name) DO NOTHING;
INSERT INTO ghar_re.cuisine_groups (name, display_name, display_order, description, data_source) VALUES ('central_indian', 'Central Indian', 5, 'Madhya Pradesh, Indori, Chhattisgarhi', 'real') ON CONFLICT (name) DO NOTHING;
INSERT INTO ghar_re.cuisine_groups (name, display_name, display_order, description, data_source) VALUES ('northeast_indian', 'Northeast Indian', 6, 'Naga, Manipuri, Sikkimese & more', 'real') ON CONFLICT (name) DO NOTHING;
INSERT INTO ghar_re.cuisine_groups (name, display_name, display_order, description, data_source) VALUES ('mughlai_nawabi', 'Mughlai / Nawabi', 7, 'Biryanis, kebabs, kormas — Mughal & Nawabi traditions', 'real') ON CONFLICT (name) DO NOTHING;
INSERT INTO ghar_re.cuisine_groups (name, display_name, display_order, description, data_source) VALUES ('street_food', 'Street Food / Chaat', 8, 'Chaat, vada pav, pav bhaji, kathi rolls & more', 'real') ON CONFLICT (name) DO NOTHING;
INSERT INTO ghar_re.cuisine_groups (name, display_name, display_order, description, data_source) VALUES ('chinese_asian', 'Chinese / Indo-Chinese', 9, 'Hakka noodles, manchurian, momos, fried rice', 'real') ON CONFLICT (name) DO NOTHING;
INSERT INTO ghar_re.cuisine_groups (name, display_name, display_order, description, data_source) VALUES ('continental', 'Continental', 10, 'Grilled meats, soups, salads, sandwiches', 'real') ON CONFLICT (name) DO NOTHING;
INSERT INTO ghar_re.cuisine_groups (name, display_name, display_order, description, data_source) VALUES ('italian', 'Italian', 11, 'Pasta, pizza, risotto', 'real') ON CONFLICT (name) DO NOTHING;
INSERT INTO ghar_re.cuisine_groups (name, display_name, display_order, description, data_source) VALUES ('american', 'American', 12, 'Burgers, fries, BBQ, pancakes', 'real') ON CONFLICT (name) DO NOTHING;
INSERT INTO ghar_re.cuisine_groups (name, display_name, display_order, description, data_source) VALUES ('mediterranean', 'Mediterranean', 13, 'Grain bowls, grilled meats, olive oil based', 'real') ON CONFLICT (name) DO NOTHING;
INSERT INTO ghar_re.cuisine_groups (name, display_name, display_order, description, data_source) VALUES ('anglo_indian', 'Anglo Indian', 14, 'Railway curry, mulligatawny, jhal frezi — colonial fusion', 'real') ON CONFLICT (name) DO NOTHING;
INSERT INTO ghar_re.cuisine_groups (name, display_name, display_order, description, data_source) VALUES ('thai', 'Thai', 15, 'Pad thai, curries, tom yum, som tam', 'real') ON CONFLICT (name) DO NOTHING;
INSERT INTO ghar_re.cuisine_groups (name, display_name, display_order, description, data_source) VALUES ('japanese', 'Japanese', 16, 'Sushi, ramen, tempura, teriyaki', 'real') ON CONFLICT (name) DO NOTHING;
INSERT INTO ghar_re.cuisine_groups (name, display_name, display_order, description, data_source) VALUES ('korean', 'Korean', 17, 'Kimchi, bibimbap, Korean fried chicken', 'real') ON CONFLICT (name) DO NOTHING;
INSERT INTO ghar_re.cuisine_groups (name, display_name, display_order, description, data_source) VALUES ('middle_eastern', 'Middle Eastern', 18, 'Hummus, falafel, shawarma, kebab platters', 'real') ON CONFLICT (name) DO NOTHING;
INSERT INTO ghar_re.cuisine_groups (name, display_name, display_order, description, data_source) VALUES ('bhutanese', 'Bhutanese', 19, 'Ema datshi, phaksha paa. Chilli + cheese focused.', 'real') ON CONFLICT (name) DO NOTHING;
INSERT INTO ghar_re.cuisine_groups (name, display_name, display_order, description, data_source) VALUES ('burmese', 'Burmese', 20, 'Mohinga, khow suey, tea leaf salad. SE Asian + Indian fusion.', 'real') ON CONFLICT (name) DO NOTHING;
INSERT INTO ghar_re.cuisine_groups (name, display_name, display_order, description, data_source) VALUES ('mexican', 'Mexican', 21, 'Tacos, burritos, quesadillas. Corn + beans + chilli.', 'real') ON CONFLICT (name) DO NOTHING;
INSERT INTO ghar_re.cuisine_groups (name, display_name, display_order, description, data_source) VALUES ('vietnamese', 'Vietnamese', 22, 'Pho, banh mi, spring rolls. Fresh herbs + light broths.', 'real') ON CONFLICT (name) DO NOTHING;

-- cuisines (subset from cuisines_v4) [real]
INSERT INTO ghar_re.cuisines (name, display_name, cuisine_group, parent_cuisine, state_origin, tier, is_user_facing, data_source) VALUES ('punjabi', 'Punjabi', 'north_indian', NULL, 'Punjab', 'tier_1', true, 'real') ON CONFLICT (name) DO NOTHING;
INSERT INTO ghar_re.cuisines (name, display_name, cuisine_group, parent_cuisine, state_origin, tier, is_user_facing, data_source) VALUES ('delhi', 'Delhi', 'north_indian', NULL, 'Delhi', 'tier_1', true, 'real') ON CONFLICT (name) DO NOTHING;
INSERT INTO ghar_re.cuisines (name, display_name, cuisine_group, parent_cuisine, state_origin, tier, is_user_facing, data_source) VALUES ('up', 'UP (General)', 'north_indian', NULL, 'Uttar Pradesh', 'tier_1', true, 'real') ON CONFLICT (name) DO NOTHING;
INSERT INTO ghar_re.cuisines (name, display_name, cuisine_group, parent_cuisine, state_origin, tier, is_user_facing, data_source) VALUES ('tamil', 'Tamil', 'south_indian', NULL, 'Tamil Nadu', 'tier_1', true, 'real') ON CONFLICT (name) DO NOTHING;
INSERT INTO ghar_re.cuisines (name, display_name, cuisine_group, parent_cuisine, state_origin, tier, is_user_facing, data_source) VALUES ('chettinad', 'Chettinad', 'south_indian', 'tamil', 'Tamil Nadu', 'tier_2', true, 'real') ON CONFLICT (name) DO NOTHING;
INSERT INTO ghar_re.cuisines (name, display_name, cuisine_group, parent_cuisine, state_origin, tier, is_user_facing, data_source) VALUES ('udupi', 'Udupi', 'south_indian', NULL, 'Karnataka', 'tier_1', true, 'real') ON CONFLICT (name) DO NOTHING;
INSERT INTO ghar_re.cuisines (name, display_name, cuisine_group, parent_cuisine, state_origin, tier, is_user_facing, data_source) VALUES ('maharashtrian', 'Maharashtrian', 'west_indian', NULL, 'Maharashtra', 'tier_1', true, 'real') ON CONFLICT (name) DO NOTHING;
INSERT INTO ghar_re.cuisines (name, display_name, cuisine_group, parent_cuisine, state_origin, tier, is_user_facing, data_source) VALUES ('gujarati', 'Gujarati', 'west_indian', NULL, 'Gujarat', 'tier_1', true, 'real') ON CONFLICT (name) DO NOTHING;
INSERT INTO ghar_re.cuisines (name, display_name, cuisine_group, parent_cuisine, state_origin, tier, is_user_facing, data_source) VALUES ('bengali', 'Bengali', 'east_indian', NULL, 'West Bengal', 'tier_1', true, 'real') ON CONFLICT (name) DO NOTHING;
INSERT INTO ghar_re.cuisines (name, display_name, cuisine_group, parent_cuisine, state_origin, tier, is_user_facing, data_source) VALUES ('mughlai', 'Mughlai', 'mughlai_nawabi', NULL, 'Delhi', 'tier_1', true, 'real') ON CONFLICT (name) DO NOTHING;

-- tags (tags_v4 controlled vocabulary) [real]
INSERT INTO ghar_re.tags (category, value, display_value, tier, is_user_facing, data_source) VALUES ('meal_type', 'breakfast', 'Breakfast', 'tier_1', true, 'real') ON CONFLICT (category, value) DO NOTHING;
INSERT INTO ghar_re.tags (category, value, display_value, tier, is_user_facing, data_source) VALUES ('meal_type', 'lunch', 'Lunch', 'tier_1', true, 'real') ON CONFLICT (category, value) DO NOTHING;
INSERT INTO ghar_re.tags (category, value, display_value, tier, is_user_facing, data_source) VALUES ('meal_type', 'dinner', 'Dinner', 'tier_1', true, 'real') ON CONFLICT (category, value) DO NOTHING;
INSERT INTO ghar_re.tags (category, value, display_value, tier, is_user_facing, data_source) VALUES ('meal_type', 'snacks', 'Snacks', 'tier_1', true, 'real') ON CONFLICT (category, value) DO NOTHING;
INSERT INTO ghar_re.tags (category, value, display_value, tier, is_user_facing, data_source) VALUES ('dish_category', 'whole_meal', 'Whole Meal', 'tier_1', true, 'real') ON CONFLICT (category, value) DO NOTHING;
INSERT INTO ghar_re.tags (category, value, display_value, tier, is_user_facing, data_source) VALUES ('dish_category', 'bread', 'Bread / Roti', 'tier_1', true, 'real') ON CONFLICT (category, value) DO NOTHING;
INSERT INTO ghar_re.tags (category, value, display_value, tier, is_user_facing, data_source) VALUES ('dish_category', 'rice', 'Rice Dish', 'tier_1', true, 'real') ON CONFLICT (category, value) DO NOTHING;
INSERT INTO ghar_re.tags (category, value, display_value, tier, is_user_facing, data_source) VALUES ('dish_category', 'dal_lentil', 'Dal / Lentil', 'tier_1', true, 'real') ON CONFLICT (category, value) DO NOTHING;
INSERT INTO ghar_re.tags (category, value, display_value, tier, is_user_facing, data_source) VALUES ('dish_category', 'curry', 'Curry / Gravy', 'tier_1', true, 'real') ON CONFLICT (category, value) DO NOTHING;
INSERT INTO ghar_re.tags (category, value, display_value, tier, is_user_facing, data_source) VALUES ('dish_category', 'dry_sabzi', 'Dry Sabzi', 'tier_1', true, 'real') ON CONFLICT (category, value) DO NOTHING;
INSERT INTO ghar_re.tags (category, value, display_value, tier, is_user_facing, data_source) VALUES ('dish_category', 'salad_raita', 'Salad / Raita', 'tier_1', true, 'real') ON CONFLICT (category, value) DO NOTHING;
INSERT INTO ghar_re.tags (category, value, display_value, tier, is_user_facing, data_source) VALUES ('dish_category', 'chaat', 'Chaat', 'tier_1', true, 'real') ON CONFLICT (category, value) DO NOTHING;
INSERT INTO ghar_re.tags (category, value, display_value, tier, is_user_facing, data_source) VALUES ('dish_category', 'kebab', 'Kebab', 'tier_1', true, 'real') ON CONFLICT (category, value) DO NOTHING;
INSERT INTO ghar_re.tags (category, value, display_value, tier, is_user_facing, data_source) VALUES ('dish_category', 'biryani_pulao', 'Biryani / Pulao', 'tier_1', true, 'real') ON CONFLICT (category, value) DO NOTHING;
INSERT INTO ghar_re.tags (category, value, display_value, tier, is_user_facing, data_source) VALUES ('dish_category', 'sweet_dessert', 'Sweet / Dessert', 'tier_1', true, 'real') ON CONFLICT (category, value) DO NOTHING;
INSERT INTO ghar_re.tags (category, value, display_value, tier, is_user_facing, data_source) VALUES ('dish_category', 'beverage', 'Beverage', 'tier_1', true, 'real') ON CONFLICT (category, value) DO NOTHING;
INSERT INTO ghar_re.tags (category, value, display_value, tier, is_user_facing, data_source) VALUES ('dish_category', 'condiment_chutney', 'Condiment / Chutney', 'tier_1', true, 'real') ON CONFLICT (category, value) DO NOTHING;
INSERT INTO ghar_re.tags (category, value, display_value, tier, is_user_facing, data_source) VALUES ('dish_category', 'soup', 'Soup', 'tier_1', true, 'real') ON CONFLICT (category, value) DO NOTHING;
INSERT INTO ghar_re.tags (category, value, display_value, tier, is_user_facing, data_source) VALUES ('dish_category', 'paratha_roti', 'Paratha / Stuffed Roti', 'tier_1', true, 'real') ON CONFLICT (category, value) DO NOTHING;
INSERT INTO ghar_re.tags (category, value, display_value, tier, is_user_facing, data_source) VALUES ('dish_category', 'dosa_idli', 'Dosa / Idli / Fermented', 'tier_1', true, 'real') ON CONFLICT (category, value) DO NOTHING;
INSERT INTO ghar_re.tags (category, value, display_value, tier, is_user_facing, data_source) VALUES ('dish_category', 'noodle_pasta', 'Noodle / Pasta', 'tier_1', true, 'real') ON CONFLICT (category, value) DO NOTHING;
INSERT INTO ghar_re.tags (category, value, display_value, tier, is_user_facing, data_source) VALUES ('dish_category', 'egg_dish', 'Egg Dish', 'tier_1', true, 'real') ON CONFLICT (category, value) DO NOTHING;
INSERT INTO ghar_re.tags (category, value, display_value, tier, is_user_facing, data_source) VALUES ('dish_category', 'snack_starter', 'Snack / Starter', 'tier_1', true, 'real') ON CONFLICT (category, value) DO NOTHING;
INSERT INTO ghar_re.tags (category, value, display_value, tier, is_user_facing, data_source) VALUES ('dish_category', 'thali_combo', 'Thali / Combo', 'tier_1', true, 'real') ON CONFLICT (category, value) DO NOTHING;
INSERT INTO ghar_re.tags (category, value, display_value, tier, is_user_facing, data_source) VALUES ('cooking_method', 'deep_fried', 'Deep Fried', 'tier_2', true, 'real') ON CONFLICT (category, value) DO NOTHING;
INSERT INTO ghar_re.tags (category, value, display_value, tier, is_user_facing, data_source) VALUES ('cooking_method', 'shallow_fried', 'Shallow Fried', 'tier_2', true, 'real') ON CONFLICT (category, value) DO NOTHING;
INSERT INTO ghar_re.tags (category, value, display_value, tier, is_user_facing, data_source) VALUES ('cooking_method', 'stir_fried', 'Stir Fried', 'tier_2', true, 'real') ON CONFLICT (category, value) DO NOTHING;
INSERT INTO ghar_re.tags (category, value, display_value, tier, is_user_facing, data_source) VALUES ('cooking_method', 'steamed', 'Steamed', 'tier_2', true, 'real') ON CONFLICT (category, value) DO NOTHING;
INSERT INTO ghar_re.tags (category, value, display_value, tier, is_user_facing, data_source) VALUES ('cooking_method', 'boiled', 'Boiled', 'tier_2', true, 'real') ON CONFLICT (category, value) DO NOTHING;
INSERT INTO ghar_re.tags (category, value, display_value, tier, is_user_facing, data_source) VALUES ('cooking_method', 'grilled', 'Grilled', 'tier_2', true, 'real') ON CONFLICT (category, value) DO NOTHING;
INSERT INTO ghar_re.tags (category, value, display_value, tier, is_user_facing, data_source) VALUES ('cooking_method', 'roasted', 'Roasted', 'tier_2', true, 'real') ON CONFLICT (category, value) DO NOTHING;
INSERT INTO ghar_re.tags (category, value, display_value, tier, is_user_facing, data_source) VALUES ('cooking_method', 'baked', 'Baked', 'tier_2', true, 'real') ON CONFLICT (category, value) DO NOTHING;
INSERT INTO ghar_re.tags (category, value, display_value, tier, is_user_facing, data_source) VALUES ('cooking_method', 'tandoor', 'Tandoor', 'tier_2', true, 'real') ON CONFLICT (category, value) DO NOTHING;
INSERT INTO ghar_re.tags (category, value, display_value, tier, is_user_facing, data_source) VALUES ('cooking_method', 'dum_cooked', 'Dum Cooked', 'tier_2', true, 'real') ON CONFLICT (category, value) DO NOTHING;
INSERT INTO ghar_re.tags (category, value, display_value, tier, is_user_facing, data_source) VALUES ('cooking_method', 'pressure_cooked', 'Pressure Cooked', 'tier_2', false, 'real') ON CONFLICT (category, value) DO NOTHING;
INSERT INTO ghar_re.tags (category, value, display_value, tier, is_user_facing, data_source) VALUES ('cooking_method', 'sauteed', 'Sautéed', 'tier_2', false, 'real') ON CONFLICT (category, value) DO NOTHING;
INSERT INTO ghar_re.tags (category, value, display_value, tier, is_user_facing, data_source) VALUES ('cooking_method', 'tempered', 'Tempered (Tadka)', 'tier_2', false, 'real') ON CONFLICT (category, value) DO NOTHING;
INSERT INTO ghar_re.tags (category, value, display_value, tier, is_user_facing, data_source) VALUES ('cooking_method', 'raw', 'Raw / No Cook', 'tier_2', true, 'real') ON CONFLICT (category, value) DO NOTHING;
INSERT INTO ghar_re.tags (category, value, display_value, tier, is_user_facing, data_source) VALUES ('cooking_method', 'smoked', 'Smoked', 'tier_2', true, 'real') ON CONFLICT (category, value) DO NOTHING;
INSERT INTO ghar_re.tags (category, value, display_value, tier, is_user_facing, data_source) VALUES ('cooking_method', 'fermented_cook', 'Fermented', 'tier_2', true, 'real') ON CONFLICT (category, value) DO NOTHING;
INSERT INTO ghar_re.tags (category, value, display_value, tier, is_user_facing, data_source) VALUES ('primary_taste', 'savoury', 'Savoury', 'tier_2', true, 'real') ON CONFLICT (category, value) DO NOTHING;
INSERT INTO ghar_re.tags (category, value, display_value, tier, is_user_facing, data_source) VALUES ('primary_taste', 'sweet', 'Sweet', 'tier_2', true, 'real') ON CONFLICT (category, value) DO NOTHING;
INSERT INTO ghar_re.tags (category, value, display_value, tier, is_user_facing, data_source) VALUES ('primary_taste', 'sour', 'Sour', 'tier_2', true, 'real') ON CONFLICT (category, value) DO NOTHING;
INSERT INTO ghar_re.tags (category, value, display_value, tier, is_user_facing, data_source) VALUES ('primary_taste', 'bitter', 'Bitter', 'tier_2', false, 'real') ON CONFLICT (category, value) DO NOTHING;
INSERT INTO ghar_re.tags (category, value, display_value, tier, is_user_facing, data_source) VALUES ('primary_taste', 'umami', 'Umami', 'tier_2', false, 'real') ON CONFLICT (category, value) DO NOTHING;
INSERT INTO ghar_re.tags (category, value, display_value, tier, is_user_facing, data_source) VALUES ('primary_taste', 'tangy', 'Tangy', 'tier_2', true, 'real') ON CONFLICT (category, value) DO NOTHING;
INSERT INTO ghar_re.tags (category, value, display_value, tier, is_user_facing, data_source) VALUES ('primary_taste', 'spicy_hot', 'Spicy Hot', 'tier_2', true, 'real') ON CONFLICT (category, value) DO NOTHING;
INSERT INTO ghar_re.tags (category, value, display_value, tier, is_user_facing, data_source) VALUES ('texture', 'crispy', 'Crispy', 'tier_2', true, 'real') ON CONFLICT (category, value) DO NOTHING;
INSERT INTO ghar_re.tags (category, value, display_value, tier, is_user_facing, data_source) VALUES ('texture', 'crunchy', 'Crunchy', 'tier_2', true, 'real') ON CONFLICT (category, value) DO NOTHING;
INSERT INTO ghar_re.tags (category, value, display_value, tier, is_user_facing, data_source) VALUES ('texture', 'soft', 'Soft', 'tier_2', true, 'real') ON CONFLICT (category, value) DO NOTHING;
INSERT INTO ghar_re.tags (category, value, display_value, tier, is_user_facing, data_source) VALUES ('texture', 'chewy', 'Chewy', 'tier_2', true, 'real') ON CONFLICT (category, value) DO NOTHING;
INSERT INTO ghar_re.tags (category, value, display_value, tier, is_user_facing, data_source) VALUES ('texture', 'flaky', 'Flaky', 'tier_2', true, 'real') ON CONFLICT (category, value) DO NOTHING;
INSERT INTO ghar_re.tags (category, value, display_value, tier, is_user_facing, data_source) VALUES ('texture', 'smooth', 'Smooth', 'tier_2', true, 'real') ON CONFLICT (category, value) DO NOTHING;
INSERT INTO ghar_re.tags (category, value, display_value, tier, is_user_facing, data_source) VALUES ('texture', 'grainy', 'Grainy', 'tier_2', false, 'real') ON CONFLICT (category, value) DO NOTHING;
INSERT INTO ghar_re.tags (category, value, display_value, tier, is_user_facing, data_source) VALUES ('texture', 'crumbly', 'Crumbly', 'tier_2', false, 'real') ON CONFLICT (category, value) DO NOTHING;
INSERT INTO ghar_re.tags (category, value, display_value, tier, is_user_facing, data_source) VALUES ('texture', 'dense', 'Dense', 'tier_2', false, 'real') ON CONFLICT (category, value) DO NOTHING;
INSERT INTO ghar_re.tags (category, value, display_value, tier, is_user_facing, data_source) VALUES ('texture', 'fluffy', 'Fluffy', 'tier_2', true, 'real') ON CONFLICT (category, value) DO NOTHING;
INSERT INTO ghar_re.tags (category, value, display_value, tier, is_user_facing, data_source) VALUES ('texture', 'sticky', 'Sticky', 'tier_2', false, 'real') ON CONFLICT (category, value) DO NOTHING;
INSERT INTO ghar_re.tags (category, value, display_value, tier, is_user_facing, data_source) VALUES ('texture', 'layered', 'Layered', 'tier_2', true, 'real') ON CONFLICT (category, value) DO NOTHING;
INSERT INTO ghar_re.tags (category, value, display_value, tier, is_user_facing, data_source) VALUES ('richness', 'plain', 'Plain', 'tier_2', true, 'real') ON CONFLICT (category, value) DO NOTHING;
INSERT INTO ghar_re.tags (category, value, display_value, tier, is_user_facing, data_source) VALUES ('richness', 'light', 'Light', 'tier_2', true, 'real') ON CONFLICT (category, value) DO NOTHING;
INSERT INTO ghar_re.tags (category, value, display_value, tier, is_user_facing, data_source) VALUES ('richness', 'buttery', 'Buttery', 'tier_2', true, 'real') ON CONFLICT (category, value) DO NOTHING;
INSERT INTO ghar_re.tags (category, value, display_value, tier, is_user_facing, data_source) VALUES ('richness', 'creamy', 'Creamy', 'tier_2', true, 'real') ON CONFLICT (category, value) DO NOTHING;
INSERT INTO ghar_re.tags (category, value, display_value, tier, is_user_facing, data_source) VALUES ('richness', 'oily', 'Oily', 'tier_2', false, 'real') ON CONFLICT (category, value) DO NOTHING;
INSERT INTO ghar_re.tags (category, value, display_value, tier, is_user_facing, data_source) VALUES ('richness', 'ghee_rich', 'Ghee Rich', 'tier_2', true, 'real') ON CONFLICT (category, value) DO NOTHING;
INSERT INTO ghar_re.tags (category, value, display_value, tier, is_user_facing, data_source) VALUES ('richness', 'coconut_rich', 'Coconut Rich', 'tier_2', true, 'real') ON CONFLICT (category, value) DO NOTHING;
INSERT INTO ghar_re.tags (category, value, display_value, tier, is_user_facing, data_source) VALUES ('mouthfeel', 'silky', 'Silky', 'tier_3', false, 'real') ON CONFLICT (category, value) DO NOTHING;
INSERT INTO ghar_re.tags (category, value, display_value, tier, is_user_facing, data_source) VALUES ('mouthfeel', 'velvety', 'Velvety', 'tier_3', false, 'real') ON CONFLICT (category, value) DO NOTHING;
INSERT INTO ghar_re.tags (category, value, display_value, tier, is_user_facing, data_source) VALUES ('mouthfeel', 'mealy', 'Mealy', 'tier_3', false, 'real') ON CONFLICT (category, value) DO NOTHING;
INSERT INTO ghar_re.tags (category, value, display_value, tier, is_user_facing, data_source) VALUES ('mouthfeel', 'pasty', 'Pasty', 'tier_3', false, 'real') ON CONFLICT (category, value) DO NOTHING;
INSERT INTO ghar_re.tags (category, value, display_value, tier, is_user_facing, data_source) VALUES ('mouthfeel', 'waxy', 'Waxy', 'tier_3', false, 'real') ON CONFLICT (category, value) DO NOTHING;
INSERT INTO ghar_re.tags (category, value, display_value, tier, is_user_facing, data_source) VALUES ('mouthfeel', 'gritty', 'Gritty', 'tier_3', false, 'real') ON CONFLICT (category, value) DO NOTHING;
INSERT INTO ghar_re.tags (category, value, display_value, tier, is_user_facing, data_source) VALUES ('mouthfeel', 'juicy', 'Juicy', 'tier_3', true, 'real') ON CONFLICT (category, value) DO NOTHING;
INSERT INTO ghar_re.tags (category, value, display_value, tier, is_user_facing, data_source) VALUES ('mouthfeel', 'dry', 'Dry', 'tier_3', false, 'real') ON CONFLICT (category, value) DO NOTHING;
INSERT INTO ghar_re.tags (category, value, display_value, tier, is_user_facing, data_source) VALUES ('mouthfeel', 'moist', 'Moist', 'tier_3', false, 'real') ON CONFLICT (category, value) DO NOTHING;
INSERT INTO ghar_re.tags (category, value, display_value, tier, is_user_facing, data_source) VALUES ('mouthfeel', 'gelatinous', 'Gelatinous', 'tier_3', false, 'real') ON CONFLICT (category, value) DO NOTHING;
INSERT INTO ghar_re.tags (category, value, display_value, tier, is_user_facing, data_source) VALUES ('aroma_profile', 'smoky', 'Smoky', 'tier_3', true, 'real') ON CONFLICT (category, value) DO NOTHING;
INSERT INTO ghar_re.tags (category, value, display_value, tier, is_user_facing, data_source) VALUES ('aroma_profile', 'earthy', 'Earthy', 'tier_3', false, 'real') ON CONFLICT (category, value) DO NOTHING;
INSERT INTO ghar_re.tags (category, value, display_value, tier, is_user_facing, data_source) VALUES ('aroma_profile', 'floral', 'Floral', 'tier_3', false, 'real') ON CONFLICT (category, value) DO NOTHING;
INSERT INTO ghar_re.tags (category, value, display_value, tier, is_user_facing, data_source) VALUES ('aroma_profile', 'citrusy', 'Citrusy', 'tier_3', false, 'real') ON CONFLICT (category, value) DO NOTHING;
INSERT INTO ghar_re.tags (category, value, display_value, tier, is_user_facing, data_source) VALUES ('aroma_profile', 'herby', 'Herby', 'tier_3', false, 'real') ON CONFLICT (category, value) DO NOTHING;
INSERT INTO ghar_re.tags (category, value, display_value, tier, is_user_facing, data_source) VALUES ('aroma_profile', 'pungent', 'Pungent', 'tier_3', false, 'real') ON CONFLICT (category, value) DO NOTHING;
INSERT INTO ghar_re.tags (category, value, display_value, tier, is_user_facing, data_source) VALUES ('aroma_profile', 'mild', 'Mild', 'tier_3', false, 'real') ON CONFLICT (category, value) DO NOTHING;
INSERT INTO ghar_re.tags (category, value, display_value, tier, is_user_facing, data_source) VALUES ('aroma_profile', 'roasted_aroma', 'Roasted', 'tier_3', false, 'real') ON CONFLICT (category, value) DO NOTHING;
INSERT INTO ghar_re.tags (category, value, display_value, tier, is_user_facing, data_source) VALUES ('aroma_profile', 'fermented_aroma', 'Fermented', 'tier_3', false, 'real') ON CONFLICT (category, value) DO NOTHING;
INSERT INTO ghar_re.tags (category, value, display_value, tier, is_user_facing, data_source) VALUES ('aroma_profile', 'sweet_aroma', 'Sweet Aroma', 'tier_3', false, 'real') ON CONFLICT (category, value) DO NOTHING;
INSERT INTO ghar_re.tags (category, value, display_value, tier, is_user_facing, data_source) VALUES ('aroma_profile', 'nutty', 'Nutty', 'tier_3', false, 'real') ON CONFLICT (category, value) DO NOTHING;
INSERT INTO ghar_re.tags (category, value, display_value, tier, is_user_facing, data_source) VALUES ('fermentation', 'none', 'None', 'tier_3', false, 'real') ON CONFLICT (category, value) DO NOTHING;
INSERT INTO ghar_re.tags (category, value, display_value, tier, is_user_facing, data_source) VALUES ('fermentation', 'light', 'Light', 'tier_3', false, 'real') ON CONFLICT (category, value) DO NOTHING;
INSERT INTO ghar_re.tags (category, value, display_value, tier, is_user_facing, data_source) VALUES ('fermentation', 'medium', 'Medium', 'tier_3', false, 'real') ON CONFLICT (category, value) DO NOTHING;
INSERT INTO ghar_re.tags (category, value, display_value, tier, is_user_facing, data_source) VALUES ('fermentation', 'heavy', 'Heavy', 'tier_3', false, 'real') ON CONFLICT (category, value) DO NOTHING;
INSERT INTO ghar_re.tags (category, value, display_value, tier, is_user_facing, data_source) VALUES ('serving_temp', 'hot', 'Hot', 'tier_3', true, 'real') ON CONFLICT (category, value) DO NOTHING;
INSERT INTO ghar_re.tags (category, value, display_value, tier, is_user_facing, data_source) VALUES ('serving_temp', 'warm', 'Warm', 'tier_3', true, 'real') ON CONFLICT (category, value) DO NOTHING;
INSERT INTO ghar_re.tags (category, value, display_value, tier, is_user_facing, data_source) VALUES ('serving_temp', 'room_temp', 'Room Temperature', 'tier_3', true, 'real') ON CONFLICT (category, value) DO NOTHING;
INSERT INTO ghar_re.tags (category, value, display_value, tier, is_user_facing, data_source) VALUES ('serving_temp', 'chilled', 'Chilled', 'tier_3', true, 'real') ON CONFLICT (category, value) DO NOTHING;
INSERT INTO ghar_re.tags (category, value, display_value, tier, is_user_facing, data_source) VALUES ('serving_temp', 'frozen', 'Frozen', 'tier_3', true, 'real') ON CONFLICT (category, value) DO NOTHING;
INSERT INTO ghar_re.tags (category, value, display_value, tier, is_user_facing, data_source) VALUES ('weather_affinity', 'hot_weather', 'Hot Weather', 'tier_2', false, 'real') ON CONFLICT (category, value) DO NOTHING;
INSERT INTO ghar_re.tags (category, value, display_value, tier, is_user_facing, data_source) VALUES ('weather_affinity', 'cold_weather', 'Cold Weather', 'tier_2', false, 'real') ON CONFLICT (category, value) DO NOTHING;
INSERT INTO ghar_re.tags (category, value, display_value, tier, is_user_facing, data_source) VALUES ('weather_affinity', 'rainy', 'Rainy / Monsoon', 'tier_2', false, 'real') ON CONFLICT (category, value) DO NOTHING;
INSERT INTO ghar_re.tags (category, value, display_value, tier, is_user_facing, data_source) VALUES ('weather_affinity', 'all_weather', 'All Weather', 'tier_2', false, 'real') ON CONFLICT (category, value) DO NOTHING;
INSERT INTO ghar_re.tags (category, value, display_value, tier, is_user_facing, data_source) VALUES ('allergen', 'gluten', 'Gluten', 'tier_1', true, 'real') ON CONFLICT (category, value) DO NOTHING;
INSERT INTO ghar_re.tags (category, value, display_value, tier, is_user_facing, data_source) VALUES ('allergen', 'dairy', 'Dairy', 'tier_1', true, 'real') ON CONFLICT (category, value) DO NOTHING;
INSERT INTO ghar_re.tags (category, value, display_value, tier, is_user_facing, data_source) VALUES ('allergen', 'tree_nuts', 'Tree Nuts', 'tier_1', true, 'real') ON CONFLICT (category, value) DO NOTHING;
INSERT INTO ghar_re.tags (category, value, display_value, tier, is_user_facing, data_source) VALUES ('allergen', 'peanuts', 'Peanuts', 'tier_1', true, 'real') ON CONFLICT (category, value) DO NOTHING;
INSERT INTO ghar_re.tags (category, value, display_value, tier, is_user_facing, data_source) VALUES ('allergen', 'soy', 'Soy', 'tier_1', true, 'real') ON CONFLICT (category, value) DO NOTHING;
INSERT INTO ghar_re.tags (category, value, display_value, tier, is_user_facing, data_source) VALUES ('allergen', 'sesame', 'Sesame', 'tier_1', true, 'real') ON CONFLICT (category, value) DO NOTHING;
INSERT INTO ghar_re.tags (category, value, display_value, tier, is_user_facing, data_source) VALUES ('allergen', 'shellfish', 'Shellfish', 'tier_1', true, 'real') ON CONFLICT (category, value) DO NOTHING;
INSERT INTO ghar_re.tags (category, value, display_value, tier, is_user_facing, data_source) VALUES ('allergen', 'fish', 'Fish', 'tier_1', true, 'real') ON CONFLICT (category, value) DO NOTHING;
INSERT INTO ghar_re.tags (category, value, display_value, tier, is_user_facing, data_source) VALUES ('allergen', 'egg_allergen', 'Egg', 'tier_1', true, 'real') ON CONFLICT (category, value) DO NOTHING;
INSERT INTO ghar_re.tags (category, value, display_value, tier, is_user_facing, data_source) VALUES ('allergen', 'mustard', 'Mustard', 'tier_1', true, 'real') ON CONFLICT (category, value) DO NOTHING;
INSERT INTO ghar_re.tags (category, value, display_value, tier, is_user_facing, data_source) VALUES ('allergen', 'none', 'None', 'tier_1', true, 'real') ON CONFLICT (category, value) DO NOTHING;

-- ingredients master (ingredients_v5 real attrs; only tokens the golden dishes reference) [real]
INSERT INTO ghar_re.ingredients (name, display_name, category, diet_type, is_allergen, allergen_type, is_jain_compatible, is_vegan, data_source) VALUES ('ajwain', 'Ajwain (Carom Seeds)', 'spice', 'veg', false, NULL, true, true, 'real') ON CONFLICT (name) DO NOTHING;
INSERT INTO ghar_re.ingredients (name, display_name, category, diet_type, is_allergen, allergen_type, is_jain_compatible, is_vegan, data_source) VALUES ('amchur', 'Amchur (Dry Mango Powder)', 'spice', 'veg', false, NULL, true, true, 'real') ON CONFLICT (name) DO NOTHING;
INSERT INTO ghar_re.ingredients (name, display_name, category, diet_type, is_allergen, allergen_type, is_jain_compatible, is_vegan, data_source) VALUES ('bay_leaf', 'Bay Leaf (Tej Patta)', 'spice', 'veg', false, NULL, true, true, 'real') ON CONFLICT (name) DO NOTHING;
INSERT INTO ghar_re.ingredients (name, display_name, category, diet_type, is_allergen, allergen_type, is_jain_compatible, is_vegan, data_source) VALUES ('black_pepper', 'Black Pepper (Kali Mirch)', 'spice', 'veg', false, NULL, true, true, 'real') ON CONFLICT (name) DO NOTHING;
INSERT INTO ghar_re.ingredients (name, display_name, category, diet_type, is_allergen, allergen_type, is_jain_compatible, is_vegan, data_source) VALUES ('bottle_gourd', 'Bottle Gourd (Lauki/Dudhi)', 'vegetable', 'veg', false, NULL, true, true, 'real') ON CONFLICT (name) DO NOTHING;
INSERT INTO ghar_re.ingredients (name, display_name, category, diet_type, is_allergen, allergen_type, is_jain_compatible, is_vegan, data_source) VALUES ('butter', 'Butter (Makhan)', 'dairy', 'veg', true, 'dairy', true, false, 'real') ON CONFLICT (name) DO NOTHING;
INSERT INTO ghar_re.ingredients (name, display_name, category, diet_type, is_allergen, allergen_type, is_jain_compatible, is_vegan, data_source) VALUES ('cabbage', 'Cabbage (Patta Gobhi)', 'vegetable', 'veg', false, NULL, true, true, 'real') ON CONFLICT (name) DO NOTHING;
INSERT INTO ghar_re.ingredients (name, display_name, category, diet_type, is_allergen, allergen_type, is_jain_compatible, is_vegan, data_source) VALUES ('carrot', 'Carrot (Gajar)', 'vegetable', 'veg', false, NULL, false, true, 'real') ON CONFLICT (name) DO NOTHING;
INSERT INTO ghar_re.ingredients (name, display_name, category, diet_type, is_allergen, allergen_type, is_jain_compatible, is_vegan, data_source) VALUES ('cauliflower', 'Cauliflower (Gobhi)', 'vegetable', 'veg', false, NULL, true, true, 'real') ON CONFLICT (name) DO NOTHING;
INSERT INTO ghar_re.ingredients (name, display_name, category, diet_type, is_allergen, allergen_type, is_jain_compatible, is_vegan, data_source) VALUES ('chaat_masala', 'Chaat Masala', 'spice', 'veg', false, NULL, true, true, 'real') ON CONFLICT (name) DO NOTHING;
INSERT INTO ghar_re.ingredients (name, display_name, category, diet_type, is_allergen, allergen_type, is_jain_compatible, is_vegan, data_source) VALUES ('chana_dal', 'Chana Dal (Split Chickpea)', 'lentil_legume', 'veg', false, NULL, true, true, 'real') ON CONFLICT (name) DO NOTHING;
INSERT INTO ghar_re.ingredients (name, display_name, category, diet_type, is_allergen, allergen_type, is_jain_compatible, is_vegan, data_source) VALUES ('chicken', 'Chicken (Murgh)', 'meat', 'non_veg', false, NULL, false, false, 'real') ON CONFLICT (name) DO NOTHING;
INSERT INTO ghar_re.ingredients (name, display_name, category, diet_type, is_allergen, allergen_type, is_jain_compatible, is_vegan, data_source) VALUES ('chickpeas', 'Chickpeas (Chole/Kabuli Chana)', 'lentil_legume', 'veg', false, NULL, true, true, 'real') ON CONFLICT (name) DO NOTHING;
INSERT INTO ghar_re.ingredients (name, display_name, category, diet_type, is_allergen, allergen_type, is_jain_compatible, is_vegan, data_source) VALUES ('coconut_fresh', 'Coconut Fresh (Nariyal)', 'coconut', 'veg', false, NULL, true, true, 'real') ON CONFLICT (name) DO NOTHING;
INSERT INTO ghar_re.ingredients (name, display_name, category, diet_type, is_allergen, allergen_type, is_jain_compatible, is_vegan, data_source) VALUES ('coriander_powder', 'Coriander Powder (Dhaniya)', 'spice', 'veg', false, NULL, true, true, 'real') ON CONFLICT (name) DO NOTHING;
INSERT INTO ghar_re.ingredients (name, display_name, category, diet_type, is_allergen, allergen_type, is_jain_compatible, is_vegan, data_source) VALUES ('cornmeal', 'Cornmeal (Makki ka Atta)', 'grain_flour', 'veg', false, NULL, true, true, 'real') ON CONFLICT (name) DO NOTHING;
INSERT INTO ghar_re.ingredients (name, display_name, category, diet_type, is_allergen, allergen_type, is_jain_compatible, is_vegan, data_source) VALUES ('cream', 'Cream (Malai)', 'dairy', 'veg', true, 'dairy', true, false, 'real') ON CONFLICT (name) DO NOTHING;
INSERT INTO ghar_re.ingredients (name, display_name, category, diet_type, is_allergen, allergen_type, is_jain_compatible, is_vegan, data_source) VALUES ('cumin_seeds', 'Cumin Seeds (Jeera)', 'spice', 'veg', false, NULL, true, true, 'real') ON CONFLICT (name) DO NOTHING;
INSERT INTO ghar_re.ingredients (name, display_name, category, diet_type, is_allergen, allergen_type, is_jain_compatible, is_vegan, data_source) VALUES ('curd', 'Curd / Yogurt (Dahi)', 'dairy', 'veg', true, 'dairy', true, false, 'real') ON CONFLICT (name) DO NOTHING;
INSERT INTO ghar_re.ingredients (name, display_name, category, diet_type, is_allergen, allergen_type, is_jain_compatible, is_vegan, data_source) VALUES ('curry_leaves', 'Curry Leaves (Kadi Patta)', 'herb_aromatic', 'veg', false, NULL, true, true, 'real') ON CONFLICT (name) DO NOTHING;
INSERT INTO ghar_re.ingredients (name, display_name, category, diet_type, is_allergen, allergen_type, is_jain_compatible, is_vegan, data_source) VALUES ('curry_powder', 'Curry Powder', 'spice', 'veg', false, NULL, true, true, 'real') ON CONFLICT (name) DO NOTHING;
INSERT INTO ghar_re.ingredients (name, display_name, category, diet_type, is_allergen, allergen_type, is_jain_compatible, is_vegan, data_source) VALUES ('drumstick', 'Drumstick (Sahjan/Moringa)', 'vegetable', 'veg', false, NULL, true, true, 'real') ON CONFLICT (name) DO NOTHING;
INSERT INTO ghar_re.ingredients (name, display_name, category, diet_type, is_allergen, allergen_type, is_jain_compatible, is_vegan, data_source) VALUES ('dry_red_chilli', 'Dry Red Chilli (Sukhi Lal Mirch)', 'spice', 'veg', false, NULL, true, true, 'real') ON CONFLICT (name) DO NOTHING;
INSERT INTO ghar_re.ingredients (name, display_name, category, diet_type, is_allergen, allergen_type, is_jain_compatible, is_vegan, data_source) VALUES ('egg', 'Egg (Anda)', 'egg', 'egg', true, 'egg_allergen', false, false, 'real') ON CONFLICT (name) DO NOTHING;
INSERT INTO ghar_re.ingredients (name, display_name, category, diet_type, is_allergen, allergen_type, is_jain_compatible, is_vegan, data_source) VALUES ('eggplant', 'Eggplant (Baingan)', 'vegetable', 'veg', false, NULL, true, true, 'real') ON CONFLICT (name) DO NOTHING;
INSERT INTO ghar_re.ingredients (name, display_name, category, diet_type, is_allergen, allergen_type, is_jain_compatible, is_vegan, data_source) VALUES ('fenugreek_seeds', 'Fenugreek Seeds (Methi Dana)', 'spice', 'veg', false, NULL, true, true, 'real') ON CONFLICT (name) DO NOTHING;
INSERT INTO ghar_re.ingredients (name, display_name, category, diet_type, is_allergen, allergen_type, is_jain_compatible, is_vegan, data_source) VALUES ('garam_masala', 'Garam Masala', 'spice', 'veg', false, NULL, true, true, 'real') ON CONFLICT (name) DO NOTHING;
INSERT INTO ghar_re.ingredients (name, display_name, category, diet_type, is_allergen, allergen_type, is_jain_compatible, is_vegan, data_source) VALUES ('garlic', 'Garlic (Lahsun)', 'herb_aromatic', 'veg', false, NULL, false, true, 'real') ON CONFLICT (name) DO NOTHING;
INSERT INTO ghar_re.ingredients (name, display_name, category, diet_type, is_allergen, allergen_type, is_jain_compatible, is_vegan, data_source) VALUES ('ghee', 'Ghee (Clarified Butter)', 'dairy', 'veg', true, 'dairy', true, false, 'real') ON CONFLICT (name) DO NOTHING;
INSERT INTO ghar_re.ingredients (name, display_name, category, diet_type, is_allergen, allergen_type, is_jain_compatible, is_vegan, data_source) VALUES ('ginger', 'Ginger (Adrak)', 'herb_aromatic', 'veg', false, NULL, false, true, 'real') ON CONFLICT (name) DO NOTHING;
INSERT INTO ghar_re.ingredients (name, display_name, category, diet_type, is_allergen, allergen_type, is_jain_compatible, is_vegan, data_source) VALUES ('gram_flour', 'Gram Flour (Besan)', 'grain_flour', 'veg', false, NULL, true, true, 'real') ON CONFLICT (name) DO NOTHING;
INSERT INTO ghar_re.ingredients (name, display_name, category, diet_type, is_allergen, allergen_type, is_jain_compatible, is_vegan, data_source) VALUES ('green_chilli', 'Green Chilli (Hari Mirch)', 'vegetable', 'veg', false, NULL, true, true, 'real') ON CONFLICT (name) DO NOTHING;
INSERT INTO ghar_re.ingredients (name, display_name, category, diet_type, is_allergen, allergen_type, is_jain_compatible, is_vegan, data_source) VALUES ('green_peas', 'Green Peas (Matar)', 'vegetable', 'veg', false, NULL, true, true, 'real') ON CONFLICT (name) DO NOTHING;
INSERT INTO ghar_re.ingredients (name, display_name, category, diet_type, is_allergen, allergen_type, is_jain_compatible, is_vegan, data_source) VALUES ('idli_rava', 'Idli Rava', 'grain_flour', 'veg', false, NULL, true, true, 'real') ON CONFLICT (name) DO NOTHING;
INSERT INTO ghar_re.ingredients (name, display_name, category, diet_type, is_allergen, allergen_type, is_jain_compatible, is_vegan, data_source) VALUES ('jaggery', 'Jaggery (Gur)', 'sweetener', 'veg', false, NULL, true, true, 'real') ON CONFLICT (name) DO NOTHING;
INSERT INTO ghar_re.ingredients (name, display_name, category, diet_type, is_allergen, allergen_type, is_jain_compatible, is_vegan, data_source) VALUES ('jowar_flour', 'Jowar Flour (Sorghum)', 'grain_flour', 'veg', false, NULL, true, true, 'real') ON CONFLICT (name) DO NOTHING;
INSERT INTO ghar_re.ingredients (name, display_name, category, diet_type, is_allergen, allergen_type, is_jain_compatible, is_vegan, data_source) VALUES ('kasuri_methi', 'Kasuri Methi (Dried Fenugreek)', 'spice', 'veg', false, NULL, true, true, 'real') ON CONFLICT (name) DO NOTHING;
INSERT INTO ghar_re.ingredients (name, display_name, category, diet_type, is_allergen, allergen_type, is_jain_compatible, is_vegan, data_source) VALUES ('kidney_beans', 'Kidney Beans (Rajma)', 'lentil_legume', 'veg', false, NULL, true, true, 'real') ON CONFLICT (name) DO NOTHING;
INSERT INTO ghar_re.ingredients (name, display_name, category, diet_type, is_allergen, allergen_type, is_jain_compatible, is_vegan, data_source) VALUES ('moong_dal', 'Moong Dal (Split Green Gram)', 'lentil_legume', 'veg', false, NULL, true, true, 'real') ON CONFLICT (name) DO NOTHING;
INSERT INTO ghar_re.ingredients (name, display_name, category, diet_type, is_allergen, allergen_type, is_jain_compatible, is_vegan, data_source) VALUES ('mustard_greens', 'Mustard Greens (Sarson)', 'leafy_green', 'veg', false, NULL, true, true, 'real') ON CONFLICT (name) DO NOTHING;
INSERT INTO ghar_re.ingredients (name, display_name, category, diet_type, is_allergen, allergen_type, is_jain_compatible, is_vegan, data_source) VALUES ('mustard_seeds', 'Mustard Seeds (Rai/Sarson)', 'spice', 'veg', true, 'mustard', true, true, 'real') ON CONFLICT (name) DO NOTHING;
INSERT INTO ghar_re.ingredients (name, display_name, category, diet_type, is_allergen, allergen_type, is_jain_compatible, is_vegan, data_source) VALUES ('nigella_seeds', 'Nigella Seeds (Kalonji)', 'spice', 'veg', false, NULL, true, true, 'real') ON CONFLICT (name) DO NOTHING;
INSERT INTO ghar_re.ingredients (name, display_name, category, diet_type, is_allergen, allergen_type, is_jain_compatible, is_vegan, data_source) VALUES ('onion', 'Onion (Pyaaz)', 'vegetable', 'veg', false, NULL, false, true, 'real') ON CONFLICT (name) DO NOTHING;
INSERT INTO ghar_re.ingredients (name, display_name, category, diet_type, is_allergen, allergen_type, is_jain_compatible, is_vegan, data_source) VALUES ('panch_phoron', 'Panch Phoron', 'spice', 'veg', false, NULL, true, true, 'real') ON CONFLICT (name) DO NOTHING;
INSERT INTO ghar_re.ingredients (name, display_name, category, diet_type, is_allergen, allergen_type, is_jain_compatible, is_vegan, data_source) VALUES ('paneer', 'Paneer (Cottage Cheese)', 'dairy', 'veg', true, 'dairy', true, false, 'real') ON CONFLICT (name) DO NOTHING;
INSERT INTO ghar_re.ingredients (name, display_name, category, diet_type, is_allergen, allergen_type, is_jain_compatible, is_vegan, data_source) VALUES ('poppy_seeds', 'Poppy Seeds (Khus Khus)', 'spice', 'veg', false, NULL, true, true, 'real') ON CONFLICT (name) DO NOTHING;
INSERT INTO ghar_re.ingredients (name, display_name, category, diet_type, is_allergen, allergen_type, is_jain_compatible, is_vegan, data_source) VALUES ('potato', 'Potato (Aloo)', 'vegetable', 'veg', false, NULL, false, true, 'real') ON CONFLICT (name) DO NOTHING;
INSERT INTO ghar_re.ingredients (name, display_name, category, diet_type, is_allergen, allergen_type, is_jain_compatible, is_vegan, data_source) VALUES ('pumpkin', 'Pumpkin (Kaddu)', 'vegetable', 'veg', false, NULL, true, true, 'real') ON CONFLICT (name) DO NOTHING;
INSERT INTO ghar_re.ingredients (name, display_name, category, diet_type, is_allergen, allergen_type, is_jain_compatible, is_vegan, data_source) VALUES ('raw_banana', 'Raw Banana (Kaccha Kela)', 'vegetable', 'veg', false, NULL, true, true, 'real') ON CONFLICT (name) DO NOTHING;
INSERT INTO ghar_re.ingredients (name, display_name, category, diet_type, is_allergen, allergen_type, is_jain_compatible, is_vegan, data_source) VALUES ('red_chilli_powder', 'Red Chilli Powder (Lal Mirch)', 'spice', 'veg', false, NULL, true, true, 'real') ON CONFLICT (name) DO NOTHING;
INSERT INTO ghar_re.ingredients (name, display_name, category, diet_type, is_allergen, allergen_type, is_jain_compatible, is_vegan, data_source) VALUES ('rice_basmati', 'Basmati Rice', 'grain_flour', 'veg', false, NULL, true, true, 'real') ON CONFLICT (name) DO NOTHING;
INSERT INTO ghar_re.ingredients (name, display_name, category, diet_type, is_allergen, allergen_type, is_jain_compatible, is_vegan, data_source) VALUES ('rice_regular', 'Regular Rice (Chawal)', 'grain_flour', 'veg', false, NULL, true, true, 'real') ON CONFLICT (name) DO NOTHING;
INSERT INTO ghar_re.ingredients (name, display_name, category, diet_type, is_allergen, allergen_type, is_jain_compatible, is_vegan, data_source) VALUES ('rohu', 'Rohu', 'seafood', 'non_veg', true, 'fish', false, false, 'real') ON CONFLICT (name) DO NOTHING;
INSERT INTO ghar_re.ingredients (name, display_name, category, diet_type, is_allergen, allergen_type, is_jain_compatible, is_vegan, data_source) VALUES ('saffron', 'Saffron (Kesar)', 'spice', 'veg', false, NULL, true, true, 'real') ON CONFLICT (name) DO NOTHING;
INSERT INTO ghar_re.ingredients (name, display_name, category, diet_type, is_allergen, allergen_type, is_jain_compatible, is_vegan, data_source) VALUES ('salt', 'Salt (Namak)', 'spice', 'veg', false, NULL, true, true, 'real') ON CONFLICT (name) DO NOTHING;
INSERT INTO ghar_re.ingredients (name, display_name, category, diet_type, is_allergen, allergen_type, is_jain_compatible, is_vegan, data_source) VALUES ('sambar_powder', 'Sambar Powder', 'spice', 'veg', false, NULL, true, true, 'real') ON CONFLICT (name) DO NOTHING;
INSERT INTO ghar_re.ingredients (name, display_name, category, diet_type, is_allergen, allergen_type, is_jain_compatible, is_vegan, data_source) VALUES ('sesame_seeds', 'Sesame Seeds (Til)', 'seed', 'veg', true, 'sesame', true, true, 'real') ON CONFLICT (name) DO NOTHING;
INSERT INTO ghar_re.ingredients (name, display_name, category, diet_type, is_allergen, allergen_type, is_jain_compatible, is_vegan, data_source) VALUES ('spinach', 'Spinach (Palak)', 'leafy_green', 'veg', false, NULL, true, true, 'real') ON CONFLICT (name) DO NOTHING;
INSERT INTO ghar_re.ingredients (name, display_name, category, diet_type, is_allergen, allergen_type, is_jain_compatible, is_vegan, data_source) VALUES ('tamarind', 'Tamarind (Imli)', 'spice', 'veg', false, NULL, true, true, 'real') ON CONFLICT (name) DO NOTHING;
INSERT INTO ghar_re.ingredients (name, display_name, category, diet_type, is_allergen, allergen_type, is_jain_compatible, is_vegan, data_source) VALUES ('tapioca', 'Tapioca (Sabudana)', 'grain_flour', 'veg', false, NULL, true, true, 'real') ON CONFLICT (name) DO NOTHING;
INSERT INTO ghar_re.ingredients (name, display_name, category, diet_type, is_allergen, allergen_type, is_jain_compatible, is_vegan, data_source) VALUES ('tomato', 'Tomato (Tamatar)', 'vegetable', 'veg', false, NULL, true, true, 'real') ON CONFLICT (name) DO NOTHING;
INSERT INTO ghar_re.ingredients (name, display_name, category, diet_type, is_allergen, allergen_type, is_jain_compatible, is_vegan, data_source) VALUES ('toor_dal', 'Toor Dal (Arhar)', 'lentil_legume', 'veg', false, NULL, true, true, 'real') ON CONFLICT (name) DO NOTHING;
INSERT INTO ghar_re.ingredients (name, display_name, category, diet_type, is_allergen, allergen_type, is_jain_compatible, is_vegan, data_source) VALUES ('turmeric', 'Turmeric (Haldi)', 'spice', 'veg', false, NULL, true, true, 'real') ON CONFLICT (name) DO NOTHING;
INSERT INTO ghar_re.ingredients (name, display_name, category, diet_type, is_allergen, allergen_type, is_jain_compatible, is_vegan, data_source) VALUES ('urad_dal', 'Urad Dal (Black Gram)', 'lentil_legume', 'veg', false, NULL, true, true, 'real') ON CONFLICT (name) DO NOTHING;
INSERT INTO ghar_re.ingredients (name, display_name, category, diet_type, is_allergen, allergen_type, is_jain_compatible, is_vegan, data_source) VALUES ('val_dal', 'Val Dal (Field Bean)', 'lentil_legume', 'veg', false, NULL, true, true, 'real') ON CONFLICT (name) DO NOTHING;
INSERT INTO ghar_re.ingredients (name, display_name, category, diet_type, is_allergen, allergen_type, is_jain_compatible, is_vegan, data_source) VALUES ('vegetable_oil', 'Vegetable Oil (Refined)', 'oil_fat', 'veg', false, NULL, true, true, 'real') ON CONFLICT (name) DO NOTHING;
INSERT INTO ghar_re.ingredients (name, display_name, category, diet_type, is_allergen, allergen_type, is_jain_compatible, is_vegan, data_source) VALUES ('wheat_flour', 'Whole Wheat Flour (Atta)', 'grain_flour', 'veg', true, 'gluten', true, true, 'real') ON CONFLICT (name) DO NOTHING;

-- zone_map (KB §R1) [real]
INSERT INTO ghar_re.zone_map (cuisine_group, zone, dish_count, data_source) VALUES ('north_indian', 'North', 210, 'real') ON CONFLICT (cuisine_group) DO NOTHING;
INSERT INTO ghar_re.zone_map (cuisine_group, zone, dish_count, data_source) VALUES ('mughlai_nawabi', 'North', 210, 'real') ON CONFLICT (cuisine_group) DO NOTHING;
INSERT INTO ghar_re.zone_map (cuisine_group, zone, dish_count, data_source) VALUES ('south_indian', 'South', 141, 'real') ON CONFLICT (cuisine_group) DO NOTHING;
INSERT INTO ghar_re.zone_map (cuisine_group, zone, dish_count, data_source) VALUES ('west_indian', 'West', 96, 'real') ON CONFLICT (cuisine_group) DO NOTHING;
INSERT INTO ghar_re.zone_map (cuisine_group, zone, dish_count, data_source) VALUES ('east_indian', 'East', 68, 'real') ON CONFLICT (cuisine_group) DO NOTHING;
INSERT INTO ghar_re.zone_map (cuisine_group, zone, dish_count, data_source) VALUES ('central_indian', 'Central', 22, 'real') ON CONFLICT (cuisine_group) DO NOTHING;
INSERT INTO ghar_re.zone_map (cuisine_group, zone, dish_count, data_source) VALUES ('northeast_indian', 'Northeast', 31, 'real') ON CONFLICT (cuisine_group) DO NOTHING;
INSERT INTO ghar_re.zone_map (cuisine_group, zone, dish_count, data_source) VALUES ('street_food', 'PanIndia', 55, 'real') ON CONFLICT (cuisine_group) DO NOTHING;
INSERT INTO ghar_re.zone_map (cuisine_group, zone, dish_count, data_source) VALUES ('chinese_asian', 'Global', 187, 'real') ON CONFLICT (cuisine_group) DO NOTHING;
INSERT INTO ghar_re.zone_map (cuisine_group, zone, dish_count, data_source) VALUES ('continental', 'Global', 187, 'real') ON CONFLICT (cuisine_group) DO NOTHING;
INSERT INTO ghar_re.zone_map (cuisine_group, zone, dish_count, data_source) VALUES ('italian', 'Global', 187, 'real') ON CONFLICT (cuisine_group) DO NOTHING;

-- comfort_hero_map (KB §R3; ✓ verified -> real, ⚑ -> stub). dish_id linked in seed 121.
INSERT INTO ghar_re.comfort_hero_map (zone, weather_type, dish_name, verified_flag, data_source) VALUES ('North', 'rain', 'Pakora', true, 'real') ON CONFLICT (zone, weather_type, dish_name) DO NOTHING;
INSERT INTO ghar_re.comfort_hero_map (zone, weather_type, dish_name, verified_flag, data_source) VALUES ('North', 'rain', 'Samosa', true, 'real') ON CONFLICT (zone, weather_type, dish_name) DO NOTHING;
INSERT INTO ghar_re.comfort_hero_map (zone, weather_type, dish_name, verified_flag, data_source) VALUES ('North', 'rain', 'Kadhi-Pakora', true, 'real') ON CONFLICT (zone, weather_type, dish_name) DO NOTHING;
INSERT INTO ghar_re.comfort_hero_map (zone, weather_type, dish_name, verified_flag, data_source) VALUES ('North', 'rain', 'Aloo Paratha', true, 'real') ON CONFLICT (zone, weather_type, dish_name) DO NOTHING;
INSERT INTO ghar_re.comfort_hero_map (zone, weather_type, dish_name, verified_flag, data_source) VALUES ('West-MH', 'rain', 'Kanda Bhaji', true, 'real') ON CONFLICT (zone, weather_type, dish_name) DO NOTHING;
INSERT INTO ghar_re.comfort_hero_map (zone, weather_type, dish_name, verified_flag, data_source) VALUES ('West-MH', 'rain', 'Vada Pav', true, 'real') ON CONFLICT (zone, weather_type, dish_name) DO NOTHING;
INSERT INTO ghar_re.comfort_hero_map (zone, weather_type, dish_name, verified_flag, data_source) VALUES ('West-MH', 'rain', 'Pithla-Bhakri', true, 'real') ON CONFLICT (zone, weather_type, dish_name) DO NOTHING;
INSERT INTO ghar_re.comfort_hero_map (zone, weather_type, dish_name, verified_flag, data_source) VALUES ('West-MH', 'rain', 'Sol Kadhi', true, 'real') ON CONFLICT (zone, weather_type, dish_name) DO NOTHING;
INSERT INTO ghar_re.comfort_hero_map (zone, weather_type, dish_name, verified_flag, data_source) VALUES ('West-GJ', 'rain', 'Bhajiya', false, 'stub') ON CONFLICT (zone, weather_type, dish_name) DO NOTHING;
INSERT INTO ghar_re.comfort_hero_map (zone, weather_type, dish_name, verified_flag, data_source) VALUES ('West-GJ', 'rain', 'Dal-Dhokli', false, 'stub') ON CONFLICT (zone, weather_type, dish_name) DO NOTHING;
INSERT INTO ghar_re.comfort_hero_map (zone, weather_type, dish_name, verified_flag, data_source) VALUES ('West-GJ', 'rain', 'Methi Na Gota', false, 'stub') ON CONFLICT (zone, weather_type, dish_name) DO NOTHING;
INSERT INTO ghar_re.comfort_hero_map (zone, weather_type, dish_name, verified_flag, data_source) VALUES ('South-TN', 'rain', 'Bajji/Bonda', false, 'stub') ON CONFLICT (zone, weather_type, dish_name) DO NOTHING;
INSERT INTO ghar_re.comfort_hero_map (zone, weather_type, dish_name, verified_flag, data_source) VALUES ('South-TN', 'rain', 'Medu Vada', true, 'real') ON CONFLICT (zone, weather_type, dish_name) DO NOTHING;
INSERT INTO ghar_re.comfort_hero_map (zone, weather_type, dish_name, verified_flag, data_source) VALUES ('South-TN', 'rain', 'Rasam-Rice', true, 'real') ON CONFLICT (zone, weather_type, dish_name) DO NOTHING;
INSERT INTO ghar_re.comfort_hero_map (zone, weather_type, dish_name, verified_flag, data_source) VALUES ('South-KL', 'rain', 'Parippu Vada', false, 'stub') ON CONFLICT (zone, weather_type, dish_name) DO NOTHING;
INSERT INTO ghar_re.comfort_hero_map (zone, weather_type, dish_name, verified_flag, data_source) VALUES ('South-KL', 'rain', 'Pazham Pori', false, 'stub') ON CONFLICT (zone, weather_type, dish_name) DO NOTHING;
INSERT INTO ghar_re.comfort_hero_map (zone, weather_type, dish_name, verified_flag, data_source) VALUES ('East-WB', 'rain', 'Khichuri', true, 'real') ON CONFLICT (zone, weather_type, dish_name) DO NOTHING;
INSERT INTO ghar_re.comfort_hero_map (zone, weather_type, dish_name, verified_flag, data_source) VALUES ('East-WB', 'rain', 'Telebhaja', false, 'stub') ON CONFLICT (zone, weather_type, dish_name) DO NOTHING;
INSERT INTO ghar_re.comfort_hero_map (zone, weather_type, dish_name, verified_flag, data_source) VALUES ('Central', 'rain', 'Poha', true, 'real') ON CONFLICT (zone, weather_type, dish_name) DO NOTHING;
INSERT INTO ghar_re.comfort_hero_map (zone, weather_type, dish_name, verified_flag, data_source) VALUES ('Central', 'rain', 'Pakora', true, 'real') ON CONFLICT (zone, weather_type, dish_name) DO NOTHING;
INSERT INTO ghar_re.comfort_hero_map (zone, weather_type, dish_name, verified_flag, data_source) VALUES ('NE', 'rain', 'Thukpa', false, 'stub') ON CONFLICT (zone, weather_type, dish_name) DO NOTHING;
INSERT INTO ghar_re.comfort_hero_map (zone, weather_type, dish_name, verified_flag, data_source) VALUES ('NE', 'rain', 'Momos', false, 'stub') ON CONFLICT (zone, weather_type, dish_name) DO NOTHING;
INSERT INTO ghar_re.comfort_hero_map (zone, weather_type, dish_name, verified_flag, data_source) VALUES ('North', 'summer', 'Sattu', true, 'real') ON CONFLICT (zone, weather_type, dish_name) DO NOTHING;
INSERT INTO ghar_re.comfort_hero_map (zone, weather_type, dish_name, verified_flag, data_source) VALUES ('North', 'summer', 'Chaas', false, 'stub') ON CONFLICT (zone, weather_type, dish_name) DO NOTHING;
INSERT INTO ghar_re.comfort_hero_map (zone, weather_type, dish_name, verified_flag, data_source) VALUES ('North', 'summer', 'Aam Panna', false, 'stub') ON CONFLICT (zone, weather_type, dish_name) DO NOTHING;
INSERT INTO ghar_re.comfort_hero_map (zone, weather_type, dish_name, verified_flag, data_source) VALUES ('West', 'summer', 'Sol Kadhi', true, 'real') ON CONFLICT (zone, weather_type, dish_name) DO NOTHING;
INSERT INTO ghar_re.comfort_hero_map (zone, weather_type, dish_name, verified_flag, data_source) VALUES ('West', 'summer', 'Aamras', false, 'stub') ON CONFLICT (zone, weather_type, dish_name) DO NOTHING;
INSERT INTO ghar_re.comfort_hero_map (zone, weather_type, dish_name, verified_flag, data_source) VALUES ('South', 'summer', 'Curd Rice', true, 'real') ON CONFLICT (zone, weather_type, dish_name) DO NOTHING;
INSERT INTO ghar_re.comfort_hero_map (zone, weather_type, dish_name, verified_flag, data_source) VALUES ('South', 'summer', 'Neer Mor', false, 'stub') ON CONFLICT (zone, weather_type, dish_name) DO NOTHING;
INSERT INTO ghar_re.comfort_hero_map (zone, weather_type, dish_name, verified_flag, data_source) VALUES ('East', 'summer', 'Panta Bhat', false, 'stub') ON CONFLICT (zone, weather_type, dish_name) DO NOTHING;
INSERT INTO ghar_re.comfort_hero_map (zone, weather_type, dish_name, verified_flag, data_source) VALUES ('North', 'winter', 'Sarson Ka Saag', true, 'real') ON CONFLICT (zone, weather_type, dish_name) DO NOTHING;
INSERT INTO ghar_re.comfort_hero_map (zone, weather_type, dish_name, verified_flag, data_source) VALUES ('North', 'winter', 'Nihari', true, 'real') ON CONFLICT (zone, weather_type, dish_name) DO NOTHING;
INSERT INTO ghar_re.comfort_hero_map (zone, weather_type, dish_name, verified_flag, data_source) VALUES ('North', 'winter', 'Gajar Halwa', false, 'stub') ON CONFLICT (zone, weather_type, dish_name) DO NOTHING;
INSERT INTO ghar_re.comfort_hero_map (zone, weather_type, dish_name, verified_flag, data_source) VALUES ('West-GJ', 'winter', 'Undhiyu', true, 'real') ON CONFLICT (zone, weather_type, dish_name) DO NOTHING;
INSERT INTO ghar_re.comfort_hero_map (zone, weather_type, dish_name, verified_flag, data_source) VALUES ('West-MH', 'winter', 'Pithla', true, 'real') ON CONFLICT (zone, weather_type, dish_name) DO NOTHING;
INSERT INTO ghar_re.comfort_hero_map (zone, weather_type, dish_name, verified_flag, data_source) VALUES ('West-MH', 'winter', 'Bajra Bhakri', false, 'stub') ON CONFLICT (zone, weather_type, dish_name) DO NOTHING;
INSERT INTO ghar_re.comfort_hero_map (zone, weather_type, dish_name, verified_flag, data_source) VALUES ('South', 'winter', 'Ven Pongal', true, 'real') ON CONFLICT (zone, weather_type, dish_name) DO NOTHING;
INSERT INTO ghar_re.comfort_hero_map (zone, weather_type, dish_name, verified_flag, data_source) VALUES ('South', 'winter', 'Rasam', true, 'real') ON CONFLICT (zone, weather_type, dish_name) DO NOTHING;
INSERT INTO ghar_re.comfort_hero_map (zone, weather_type, dish_name, verified_flag, data_source) VALUES ('East', 'winter', 'Pithe', false, 'stub') ON CONFLICT (zone, weather_type, dish_name) DO NOTHING;

-- sig_score_bands (KB §S1 calibration RULE) [real]
INSERT INTO ghar_re.sig_score_bands (score, band_name, definition, data_source) VALUES (1.0, 'national_icon', 'recognized/iconic across India (Butter Chicken, Hyderabadi Biryani, Masala Dosa)', 'real') ON CONFLICT (score) DO NOTHING;
INSERT INTO ghar_re.sig_score_bands (score, band_name, definition, data_source) VALUES (0.9, 'state_icon', 'defining dish of a state (Dal Makhani, Undhiyu, Nihari, Litti Chokha)', 'real') ON CONFLICT (score) DO NOTHING;
INSERT INTO ghar_re.sig_score_bands (score, band_name, definition, data_source) VALUES (0.75, 'regional_hero', 'strong regional standard (Bisi Bele Bath, Macher Jhol, Puran Poli)', 'real') ON CONFLICT (score) DO NOTHING;
INSERT INTO ghar_re.sig_score_bands (score, band_name, definition, data_source) VALUES (0.6, 'very_common', 'well-known everyday-plus (Rajma Chawal, Poha, Aloo Paratha)', 'real') ON CONFLICT (score) DO NOTHING;
INSERT INTO ghar_re.sig_score_bands (score, band_name, definition, data_source) VALUES (0.4, 'common', 'ordinary named dish (standard dals, upma, sabzi-with-name)', 'real') ON CONFLICT (score) DO NOTHING;
INSERT INTO ghar_re.sig_score_bands (score, band_name, definition, data_source) VALUES (0.2, 'utility', 'plain staple (steamed rice, plain dal, roti, papad)', 'real') ON CONFLICT (score) DO NOTHING;

-- negative_priors (KB §N1; in_spine rows enforced via pairing_rules.yaml; 2 rows deferred_v2)
INSERT INTO ghar_re.negative_priors (discouragement, context, action, in_spine, enforced_via, status, data_source) VALUES ('two rich/creamy gravies together', 'any plate', 'penalty (S4 hard-gate)', true, 'pairing_rules.yaml', 'active', 'real');
INSERT INTO ghar_re.negative_priors (discouragement, context, action, in_spine, enforced_via, status, data_source) VALUES ('two same-base gravies (both tomato-onion / both coconut)', 'any plate', 'penalty', true, 'pairing_rules.yaml', 'active', 'real');
INSERT INTO ghar_re.negative_priors (discouragement, context, action, in_spine, enforced_via, status, data_source) VALUES ('two dry heroes as the pair', 'any plate', 'penalty', true, 'pairing_rules.yaml', 'active', 'real');
INSERT INTO ghar_re.negative_priors (discouragement, context, action, in_spine, enforced_via, status, data_source) VALUES ('cross-region pair (Bengali + Punjabi hero)', 'any plate', 'penalty (cuisine-dist gate)', true, 'pairing_rules.yaml', 'active', 'real');
INSERT INTO ghar_re.negative_priors (discouragement, context, action, in_spine, enforced_via, status, data_source) VALUES ('deep-fried / very-heavy', 'heatwave day', 'demote', true, 'weather', 'active', 'real');
INSERT INTO ghar_re.negative_priors (discouragement, context, action, in_spine, enforced_via, status, data_source) VALUES ('heavy lunch -> heavy dinner (same day)', 'slot sequence', 'demote (v2 needs history)', false, 'not_yet_active', 'deferred_v2', 'real');
INSERT INTO ghar_re.negative_priors (discouragement, context, action, in_spine, enforced_via, status, data_source) VALUES ('three of the same vegetable base (e.g. 3 potato dishes)', 'across the 7', 'demote (variety)', false, 'not_yet_active', 'deferred_v2', 'real');
INSERT INTO ghar_re.negative_priors (discouragement, context, action, in_spine, enforced_via, status, data_source) VALUES ('raw salads / street-style', 'peak monsoon', 'mild demote', true, 'weather', 'active', 'real');

-- prior_zone_slot_season (KB §R2 PRIOR[zone][slot]; ⚑ East breakfast -> stub). season NULL (2-D).
INSERT INTO ghar_re.prior_zone_slot_season (zone, slot, season, match_kind, match_value, boost, usage_tags, data_source) VALUES ('North', 'breakfast', NULL, 'dish_name', 'paratha', 0.4, ARRAY['Daily']::text[], 'real');
INSERT INTO ghar_re.prior_zone_slot_season (zone, slot, season, match_kind, match_value, boost, usage_tags, data_source) VALUES ('North', 'breakfast', NULL, 'dish_name', 'poha', 0.3, ARRAY['Daily']::text[], 'real');
INSERT INTO ghar_re.prior_zone_slot_season (zone, slot, season, match_kind, match_value, boost, usage_tags, data_source) VALUES ('North', 'breakfast', NULL, 'dish_name', 'chila', 0.3, ARRAY['Daily']::text[], 'real');
INSERT INTO ghar_re.prior_zone_slot_season (zone, slot, season, match_kind, match_value, boost, usage_tags, data_source) VALUES ('South', 'breakfast', NULL, 'dish_name', 'idli', 0.5, ARRAY['Daily']::text[], 'real');
INSERT INTO ghar_re.prior_zone_slot_season (zone, slot, season, match_kind, match_value, boost, usage_tags, data_source) VALUES ('South', 'breakfast', NULL, 'dish_name', 'dosa', 0.5, ARRAY['Daily']::text[], 'real');
INSERT INTO ghar_re.prior_zone_slot_season (zone, slot, season, match_kind, match_value, boost, usage_tags, data_source) VALUES ('South', 'breakfast', NULL, 'dish_name', 'upma', 0.3, ARRAY['Daily']::text[], 'real');
INSERT INTO ghar_re.prior_zone_slot_season (zone, slot, season, match_kind, match_value, boost, usage_tags, data_source) VALUES ('South', 'breakfast', NULL, 'dish_name', 'pongal', 0.3, ARRAY['Daily','Festival','Comfort']::text[], 'real');
INSERT INTO ghar_re.prior_zone_slot_season (zone, slot, season, match_kind, match_value, boost, usage_tags, data_source) VALUES ('West', 'breakfast', NULL, 'dish_name', 'poha', 0.5, ARRAY['Daily']::text[], 'real');
INSERT INTO ghar_re.prior_zone_slot_season (zone, slot, season, match_kind, match_value, boost, usage_tags, data_source) VALUES ('West', 'breakfast', NULL, 'dish_name', 'thalipeeth', 0.3, ARRAY['Daily']::text[], 'real');
INSERT INTO ghar_re.prior_zone_slot_season (zone, slot, season, match_kind, match_value, boost, usage_tags, data_source) VALUES ('West', 'breakfast', NULL, 'dish_name', 'upma', 0.3, ARRAY['Daily']::text[], 'real');
INSERT INTO ghar_re.prior_zone_slot_season (zone, slot, season, match_kind, match_value, boost, usage_tags, data_source) VALUES ('East', 'breakfast', NULL, 'dish_name', 'luchi', 0.4, ARRAY['Weekend','Daily']::text[], 'stub');
INSERT INTO ghar_re.prior_zone_slot_season (zone, slot, season, match_kind, match_value, boost, usage_tags, data_source) VALUES ('East', 'breakfast', NULL, 'dish_name', 'bread-omelette', 0.2, ARRAY['Daily']::text[], 'stub');
INSERT INTO ghar_re.prior_zone_slot_season (zone, slot, season, match_kind, match_value, boost, usage_tags, data_source) VALUES ('Central', 'breakfast', NULL, 'dish_name', 'poha', 0.5, ARRAY['Daily']::text[], 'real');
INSERT INTO ghar_re.prior_zone_slot_season (zone, slot, season, match_kind, match_value, boost, usage_tags, data_source) VALUES ('North', 'lunch', NULL, 'structure', 'roti+sabzi+dal', 0.4, ARRAY['Daily']::text[], 'real');
INSERT INTO ghar_re.prior_zone_slot_season (zone, slot, season, match_kind, match_value, boost, usage_tags, data_source) VALUES ('North', 'lunch', NULL, 'dish_name', 'rajma', 0.3, ARRAY['Daily','Comfort']::text[], 'real');
INSERT INTO ghar_re.prior_zone_slot_season (zone, slot, season, match_kind, match_value, boost, usage_tags, data_source) VALUES ('North', 'lunch', NULL, 'dish_name', 'chole', 0.3, ARRAY['Daily']::text[], 'real');
INSERT INTO ghar_re.prior_zone_slot_season (zone, slot, season, match_kind, match_value, boost, usage_tags, data_source) VALUES ('South', 'lunch', NULL, 'structure', 'rice+sambar', 0.5, ARRAY['Daily']::text[], 'real');
INSERT INTO ghar_re.prior_zone_slot_season (zone, slot, season, match_kind, match_value, boost, usage_tags, data_source) VALUES ('South', 'lunch', NULL, 'dish_name', 'rasam', 0.5, ARRAY['Daily']::text[], 'real');
INSERT INTO ghar_re.prior_zone_slot_season (zone, slot, season, match_kind, match_value, boost, usage_tags, data_source) VALUES ('South', 'lunch', NULL, 'dish_name', 'poriyal', 0.3, ARRAY['Daily']::text[], 'real');
INSERT INTO ghar_re.prior_zone_slot_season (zone, slot, season, match_kind, match_value, boost, usage_tags, data_source) VALUES ('South', 'lunch', NULL, 'dish_name', 'curd rice', 0.3, ARRAY['Daily','Weather']::text[], 'real');
INSERT INTO ghar_re.prior_zone_slot_season (zone, slot, season, match_kind, match_value, boost, usage_tags, data_source) VALUES ('West', 'lunch', NULL, 'structure', 'roti+sabzi+dal', 0.4, ARRAY['Daily']::text[], 'real');
INSERT INTO ghar_re.prior_zone_slot_season (zone, slot, season, match_kind, match_value, boost, usage_tags, data_source) VALUES ('West', 'lunch', NULL, 'dish_name', 'varan', 0.3, ARRAY['Daily']::text[], 'real');
INSERT INTO ghar_re.prior_zone_slot_season (zone, slot, season, match_kind, match_value, boost, usage_tags, data_source) VALUES ('East', 'lunch', NULL, 'dish_name', 'macher jhol', 0.5, ARRAY['Daily']::text[], 'real');
INSERT INTO ghar_re.prior_zone_slot_season (zone, slot, season, match_kind, match_value, boost, usage_tags, data_source) VALUES ('East', 'lunch', NULL, 'dish_name', 'dal', 0.3, ARRAY['Daily']::text[], 'real');
INSERT INTO ghar_re.prior_zone_slot_season (zone, slot, season, match_kind, match_value, boost, usage_tags, data_source) VALUES ('Central', 'lunch', NULL, 'structure', 'roti+dal+sabzi', 0.4, ARRAY['Daily']::text[], 'real');
INSERT INTO ghar_re.prior_zone_slot_season (zone, slot, season, match_kind, match_value, boost, usage_tags, data_source) VALUES ('Central', 'lunch', NULL, 'dish_name', 'dal-bafla', 0.3, ARRAY['Daily']::text[], 'real');
INSERT INTO ghar_re.prior_zone_slot_season (zone, slot, season, match_kind, match_value, boost, usage_tags, data_source) VALUES ('North', 'dinner', NULL, 'structure', 'roti+sabzi+dal', 0.4, ARRAY['Daily']::text[], 'real');
INSERT INTO ghar_re.prior_zone_slot_season (zone, slot, season, match_kind, match_value, boost, usage_tags, data_source) VALUES ('North', 'dinner', NULL, 'dish_name', 'khichdi', 0.2, ARRAY['Comfort','Recovery','Weather']::text[], 'real');
INSERT INTO ghar_re.prior_zone_slot_season (zone, slot, season, match_kind, match_value, boost, usage_tags, data_source) VALUES ('South', 'dinner', NULL, 'structure', 'rice+rasam', 0.3, ARRAY['Daily']::text[], 'real');
INSERT INTO ghar_re.prior_zone_slot_season (zone, slot, season, match_kind, match_value, boost, usage_tags, data_source) VALUES ('South', 'dinner', NULL, 'dish_name', 'dosa', 0.3, ARRAY['Daily']::text[], 'real');
INSERT INTO ghar_re.prior_zone_slot_season (zone, slot, season, match_kind, match_value, boost, usage_tags, data_source) VALUES ('West', 'dinner', NULL, 'structure', 'roti+sabzi', 0.4, ARRAY['Daily']::text[], 'real');
INSERT INTO ghar_re.prior_zone_slot_season (zone, slot, season, match_kind, match_value, boost, usage_tags, data_source) VALUES ('West', 'dinner', NULL, 'dish_name', 'khichdi', 0.2, ARRAY['Comfort','Recovery']::text[], 'real');
INSERT INTO ghar_re.prior_zone_slot_season (zone, slot, season, match_kind, match_value, boost, usage_tags, data_source) VALUES ('East', 'dinner', NULL, 'dish_name', 'jhol', 0.4, ARRAY['Daily']::text[], 'real');

-- community_priors (community_priors.csv, KB §C1; soft, overridden by Q5-Q8) [real]
INSERT INTO ghar_re.community_priors (state, zone, diet_lean, default_non_veg_cadence, data_source) VALUES ('Rajasthan', 'West', 'strongly_veg', 'rare', 'real') ON CONFLICT (state) DO NOTHING;
INSERT INTO ghar_re.community_priors (state, zone, diet_lean, default_non_veg_cadence, data_source) VALUES ('Gujarat', 'West', 'strongly_veg', 'rare', 'real') ON CONFLICT (state) DO NOTHING;
INSERT INTO ghar_re.community_priors (state, zone, diet_lean, default_non_veg_cadence, data_source) VALUES ('Haryana', 'North', 'strongly_veg', 'weekend', 'real') ON CONFLICT (state) DO NOTHING;
INSERT INTO ghar_re.community_priors (state, zone, diet_lean, default_non_veg_cadence, data_source) VALUES ('Punjab', 'North', 'veg_leaning', 'weekend', 'real') ON CONFLICT (state) DO NOTHING;
INSERT INTO ghar_re.community_priors (state, zone, diet_lean, default_non_veg_cadence, data_source) VALUES ('Madhya Pradesh', 'Central', 'strongly_veg', 'weekend', 'real') ON CONFLICT (state) DO NOTHING;
INSERT INTO ghar_re.community_priors (state, zone, diet_lean, default_non_veg_cadence, data_source) VALUES ('Uttar Pradesh', 'North', 'mixed', 'weekend', 'real') ON CONFLICT (state) DO NOTHING;
INSERT INTO ghar_re.community_priors (state, zone, diet_lean, default_non_veg_cadence, data_source) VALUES ('Maharashtra', 'West', 'mixed', 'weekend', 'real') ON CONFLICT (state) DO NOTHING;
INSERT INTO ghar_re.community_priors (state, zone, diet_lean, default_non_veg_cadence, data_source) VALUES ('Karnataka', 'South', 'mixed', 'frequent', 'real') ON CONFLICT (state) DO NOTHING;
INSERT INTO ghar_re.community_priors (state, zone, diet_lean, default_non_veg_cadence, data_source) VALUES ('Delhi', 'North', 'mixed', 'weekend', 'real') ON CONFLICT (state) DO NOTHING;
INSERT INTO ghar_re.community_priors (state, zone, diet_lean, default_non_veg_cadence, data_source) VALUES ('West Bengal', 'East', 'strongly_non_veg', 'frequent', 'real') ON CONFLICT (state) DO NOTHING;
INSERT INTO ghar_re.community_priors (state, zone, diet_lean, default_non_veg_cadence, data_source) VALUES ('Kerala', 'South', 'strongly_non_veg', 'daily', 'real') ON CONFLICT (state) DO NOTHING;
INSERT INTO ghar_re.community_priors (state, zone, diet_lean, default_non_veg_cadence, data_source) VALUES ('Telangana', 'South', 'strongly_non_veg', 'frequent', 'real') ON CONFLICT (state) DO NOTHING;
INSERT INTO ghar_re.community_priors (state, zone, diet_lean, default_non_veg_cadence, data_source) VALUES ('Andhra Pradesh', 'South', 'strongly_non_veg', 'frequent', 'real') ON CONFLICT (state) DO NOTHING;
INSERT INTO ghar_re.community_priors (state, zone, diet_lean, default_non_veg_cadence, data_source) VALUES ('Tamil Nadu', 'South', 'strongly_non_veg', 'frequent', 'real') ON CONFLICT (state) DO NOTHING;
INSERT INTO ghar_re.community_priors (state, zone, diet_lean, default_non_veg_cadence, data_source) VALUES ('Odisha', 'East', 'strongly_non_veg', 'frequent', 'real') ON CONFLICT (state) DO NOTHING;
INSERT INTO ghar_re.community_priors (state, zone, diet_lean, default_non_veg_cadence, data_source) VALUES ('Bihar', 'East', 'strongly_non_veg', 'frequent', 'real') ON CONFLICT (state) DO NOTHING;
INSERT INTO ghar_re.community_priors (state, zone, diet_lean, default_non_veg_cadence, data_source) VALUES ('Jharkhand', 'East', 'strongly_non_veg', 'frequent', 'real') ON CONFLICT (state) DO NOTHING;
INSERT INTO ghar_re.community_priors (state, zone, diet_lean, default_non_veg_cadence, data_source) VALUES ('Goa', 'West', 'strongly_non_veg', 'frequent', 'real') ON CONFLICT (state) DO NOTHING;
INSERT INTO ghar_re.community_priors (state, zone, diet_lean, default_non_veg_cadence, data_source) VALUES ('Assam', 'Northeast', 'strongly_non_veg', 'daily', 'real') ON CONFLICT (state) DO NOTHING;

-- ingredient_normalization_map (KB §E1; expansion row ⚑ -> stub) [real/stub]
INSERT INTO ghar_re.ingredient_normalization_map (surface_token, canonical, norm_type, expansion, note, data_source) VALUES ('coriander_seeds', 'coriander', 'alias', NULL, NULL, 'real') ON CONFLICT (surface_token, norm_type) DO NOTHING;
INSERT INTO ghar_re.ingredient_normalization_map (surface_token, canonical, norm_type, expansion, note, data_source) VALUES ('cumin_powder', 'cumin', 'alias', NULL, NULL, 'real') ON CONFLICT (surface_token, norm_type) DO NOTHING;
INSERT INTO ghar_re.ingredient_normalization_map (surface_token, canonical, norm_type, expansion, note, data_source) VALUES ('basmati_rice', 'rice', 'variety', NULL, 'basmati flag', 'real') ON CONFLICT (surface_token, norm_type) DO NOTHING;
INSERT INTO ghar_re.ingredient_normalization_map (surface_token, canonical, norm_type, expansion, note, data_source) VALUES ('mixed_vegetables', NULL, 'expansion', ARRAY['potato','carrot','beans','peas','cauliflower']::text[], 'KB ⚑ needs refinement', 'stub') ON CONFLICT (surface_token, norm_type) DO NOTHING;
INSERT INTO ghar_re.ingredient_normalization_map (surface_token, canonical, norm_type, expansion, note, data_source) VALUES ('grated_coconut', 'coconut', 'form', NULL, NULL, 'real') ON CONFLICT (surface_token, norm_type) DO NOTHING;
INSERT INTO ghar_re.ingredient_normalization_map (surface_token, canonical, norm_type, expansion, note, data_source) VALUES ('fish_fillet', 'fish', 'form', NULL, NULL, 'real') ON CONFLICT (surface_token, norm_type) DO NOTHING;
INSERT INTO ghar_re.ingredient_normalization_map (surface_token, canonical, norm_type, expansion, note, data_source) VALUES ('dhaniya', 'coriander', 'synonym', NULL, NULL, 'real') ON CONFLICT (surface_token, norm_type) DO NOTHING;
INSERT INTO ghar_re.ingredient_normalization_map (surface_token, canonical, norm_type, expansion, note, data_source) VALUES ('palak', 'spinach', 'synonym', NULL, NULL, 'real') ON CONFLICT (surface_token, norm_type) DO NOTHING;
INSERT INTO ghar_re.ingredient_normalization_map (surface_token, canonical, norm_type, expansion, note, data_source) VALUES ('mutton', 'goat', 'equivalence', NULL, NULL, 'real') ON CONFLICT (surface_token, norm_type) DO NOTHING;

COMMIT;
