meal_class_code,dish_name,diet_type,slot_group
BF_STEAMED_FERMENTED_LIGHT,Idli,veg,Breakfast
BF_STEAMED_FERMENTED_LIGHT,Rava idli,veg,Breakfast
BF_STEAMED_FERMENTED_LIGHT,Khaman dhokla,veg,Breakfast
BF_STEAMED_FERMENTED_LIGHT,White dhokla,veg,Breakfast
BF_STEAMED_FERMENTED_LIGHT,Idiyappam,veg,Breakfast
BF_STEAMED_FERMENTED_LIGHT,Sannas,veg,Breakfast
BF_STEAMED_FERMENTED_LIGHT,Pundi gatti,veg,Breakfast
BF_STEAMED_FERMENTED_LIGHT,Kanchipuram idli,veg,Breakfast
BF_FERMENTED_CREPE_PAN,Plain dosa,veg,Breakfast
BF_FERMENTED_CREPE_PAN,Masala dosa,veg,Breakfast
BF_FERMENTED_CREPE_PAN,Set dosa,veg,Breakfast
BF_FERMENTED_CREPE_PAN,Neer dosa,veg,Breakfast
BF_FERMENTED_CREPE_PAN,Uttapam,veg,Breakfast
BF_FERMENTED_CREPE_PAN,Appam,veg,Breakfast
BF_FERMENTED_CREPE_PAN,Adai,veg,Breakfast
BF_FERMENTED_CREPE_PAN,Pesarattu,veg,Breakfast
BF_POHA_CHIVDA_LIGHT,Kanda poha,veg,Breakfast
BF_POHA_CHIVDA_LIGHT,Batata poha,veg,Breakfast
BF_POHA_CHIVDA_LIGHT,Indori poha,veg,Breakfast
BF_POHA_CHIVDA_LIGHT,Chuda matar,veg,Breakfast
BF_POHA_CHIVDA_LIGHT,Chura dahi gur,veg,Breakfast
BF_POHA_CHIVDA_LIGHT,Aval upma,veg,Breakfast
BF_POHA_CHIVDA_LIGHT,Chirer pulao,veg,Breakfast
BF_POHA_CHIVDA_LIGHT,Dadpe pohe,veg,Breakfast
BF_UPMA_DALIA_SEVAI,Rava upma,veg,Breakfast
BF_UPMA_DALIA_SEVAI,Vegetable upma,veg,Breakfast
BF_UPMA_DALIA_SEVAI,Dalia upma,veg,Breakfast
BF_UPMA_DALIA_SEVAI,Broken wheat porridge,veg,Breakfast
BF_UPMA_DALIA_SEVAI,Sevai upma,veg,Breakfast
BF_UPMA_DALIA_SEVAI,Lapsi,veg,Breakfast
BF_UPMA_DALIA_SEVAI,Ragi upma,veg,Breakfast
BF_UPMA_DALIA_SEVAI,Sooji vegetable porridge,veg,Breakfast
BF_STUFFED_FLATBREAD,Aloo paratha,veg,Breakfast
BF_STUFFED_FLATBREAD,Gobi paratha,veg,Breakfast
BF_STUFFED_FLATBREAD,Mooli paratha,veg,Breakfast
BF_STUFFED_FLATBREAD,Paneer paratha,veg,Breakfast
BF_STUFFED_FLATBREAD,Sattu paratha,veg,Breakfast
BF_STUFFED_FLATBREAD,Methi paratha,veg,Breakfast
BF_STUFFED_FLATBREAD,Pyaz paratha,veg,Breakfast
BF_STUFFED_FLATBREAD,Bathua paratha,veg,Breakfast
BF_PLAIN_FLATBREAD_SUBZI,Phulka with aloo sabzi,veg,Breakfast
BF_PLAIN_FLATBREAD_SUBZI,Roti bhaji,veg,Breakfast
BF_PLAIN_FLATBREAD_SUBZI,Methi thepla curd,veg,Breakfast
BF_PLAIN_FLATBREAD_SUBZI,Jowar bhakri chutney,veg,Breakfast
BF_PLAIN_FLATBREAD_SUBZI,Chapati upma,veg,Breakfast
BF_PLAIN_FLATBREAD_SUBZI,Parotta kurma,veg,Breakfast
BF_PLAIN_FLATBREAD_SUBZI,Tawa roti pickle,veg,Breakfast
BF_PLAIN_FLATBREAD_SUBZI,Bajra rotla curd,veg,Breakfast
BF_FRIED_FESTIVE,Poori bhaji,veg,Breakfast
BF_FRIED_FESTIVE,Luchi aloor dom,veg,Breakfast
BF_FRIED_FESTIVE,Bedmi poori,veg,Breakfast
BF_FRIED_FESTIVE,Kachori sabzi,veg,Breakfast
BF_FRIED_FESTIVE,Chole bhature,veg,Breakfast
BF_FRIED_FESTIVE,Puri shrikhand,veg,Breakfast
BF_FRIED_FESTIVE,Mangalore buns,veg,Breakfast
BF_FRIED_FESTIVE,Sattu kachori,veg,Breakfast
BF_CHILLA_PROTEIN,Besan chilla,veg,Breakfast
BF_CHILLA_PROTEIN,Moong dal chilla,veg,Breakfast
BF_CHILLA_PROTEIN,Oats chilla,veg,Breakfast
BF_CHILLA_PROTEIN,Vegetable puda,veg,Breakfast
BF_CHILLA_PROTEIN,Paneer chilla,veg,Breakfast
BF_CHILLA_PROTEIN,Pesarattu,veg,Breakfast
BF_CHILLA_PROTEIN,Sprout chilla,veg,Breakfast
BF_CHILLA_PROTEIN,Jowar chilla,veg,Breakfast
BF_EGG_FAST,Masala omelette,egg,Breakfast
BF_EGG_FAST,Egg bhurji,egg,Breakfast
BF_EGG_FAST,Bread omelette,egg,Breakfast
BF_EGG_FAST,Boiled eggs,egg,Breakfast
BF_EGG_FAST,Egg paratha,egg,Breakfast
BF_EGG_FAST,Akuri,egg,Breakfast
BF_EGG_FAST,Egg dosa,egg,Breakfast
BF_EGG_FAST,Egg sandwich,egg,Breakfast
BF_BREAD_MODERN_FAST,Vegetable sandwich,veg,Breakfast
BF_BREAD_MODERN_FAST,Toast butter jam,veg,Breakfast
BF_BREAD_MODERN_FAST,Peanut butter toast,veg,Breakfast
BF_BREAD_MODERN_FAST,Cornflakes milk,veg,Breakfast
BF_BREAD_MODERN_FAST,Cheese toast,veg,Breakfast
BF_BREAD_MODERN_FAST,Banana toast,veg,Breakfast
BF_BREAD_MODERN_FAST,Jam bread,veg,Breakfast
BF_BREAD_MODERN_FAST,Club sandwich,veg,Breakfast
BF_OATS_MUESLI_FIT,Oats porridge,veg,Breakfast
BF_OATS_MUESLI_FIT,Overnight oats,veg,Breakfast
BF_OATS_MUESLI_FIT,Muesli curd bowl,veg,Breakfast
BF_OATS_MUESLI_FIT,Smoothie bowl,veg,Breakfast
BF_OATS_MUESLI_FIT,Ragi porridge,veg,Breakfast
BF_OATS_MUESLI_FIT,Quinoa poha,veg,Breakfast
BF_OATS_MUESLI_FIT,Oats idli,veg,Breakfast
BF_OATS_MUESLI_FIT,Millet flakes bowl,veg,Breakfast
BF_SPROUTS_FRUIT_CURD,Sprouts chaat,veg,Breakfast
BF_SPROUTS_FRUIT_CURD,Fruit bowl,veg,Breakfast
BF_SPROUTS_FRUIT_CURD,Fruit curd bowl,veg,Breakfast
BF_SPROUTS_FRUIT_CURD,Dahi chana,veg,Breakfast
BF_SPROUTS_FRUIT_CURD,Soaked nuts banana,veg,Breakfast
BF_SPROUTS_FRUIT_CURD,Chana salad,veg,Breakfast
BF_SPROUTS_FRUIT_CURD,Papaya curd,veg,Breakfast
BF_SPROUTS_FRUIT_CURD,Apple peanut bowl,veg,Breakfast
BF_RICE_LEFTOVER_BREAKFAST,Lemon rice,veg,Breakfast
BF_RICE_LEFTOVER_BREAKFAST,Curd rice,veg,Breakfast
BF_RICE_LEFTOVER_BREAKFAST,Tamarind rice,veg,Breakfast
BF_RICE_LEFTOVER_BREAKFAST,Tomato rice,veg,Breakfast
BF_RICE_LEFTOVER_BREAKFAST,Pakhala morning,veg,Breakfast
BF_RICE_LEFTOVER_BREAKFAST,Phodnicha bhaat,veg,Breakfast
BF_RICE_LEFTOVER_BREAKFAST,Puliyogare,veg,Breakfast
BF_RICE_LEFTOVER_BREAKFAST,Coconut rice,veg,Breakfast
BF_MILLET_TRADITIONAL,Ragi dosa,veg,Breakfast
BF_MILLET_TRADITIONAL,Ragi mudde sambar,veg,Breakfast
BF_MILLET_TRADITIONAL,Jowar bhakri,veg,Breakfast
BF_MILLET_TRADITIONAL,Bajra rotla,veg,Breakfast
BF_MILLET_TRADITIONAL,Kodo upma,veg,Breakfast
BF_MILLET_TRADITIONAL,Ragi malt,veg,Breakfast
BF_MILLET_TRADITIONAL,Thalipeeth,veg,Breakfast
BF_MILLET_TRADITIONAL,Bajra khichdi,veg,Breakfast
BF_REGIONAL_BIHAR_EAST,Litti chokha,veg,Breakfast
BF_REGIONAL_BIHAR_EAST,Sattu paratha,veg,Breakfast
BF_REGIONAL_BIHAR_EAST,Chura dahi gur,veg,Breakfast
BF_REGIONAL_BIHAR_EAST,Ghugni chura,veg,Breakfast
BF_REGIONAL_BIHAR_EAST,Dahi chuda,veg,Breakfast
BF_REGIONAL_BIHAR_EAST,Sattu drink,veg,Breakfast
BF_REGIONAL_BIHAR_EAST,Pitha,veg,Breakfast
BF_REGIONAL_BIHAR_EAST,Chana ghugni,veg,Breakfast
BF_REGIONAL_PUNJAB_HARYANA,Paratha curd,veg,Breakfast
BF_REGIONAL_PUNJAB_HARYANA,Makki roti white butter,veg,Breakfast
BF_REGIONAL_PUNJAB_HARYANA,Paneer bhurji roti,veg,Breakfast
BF_REGIONAL_PUNJAB_HARYANA,Lassi breakfast,veg,Breakfast
BF_REGIONAL_PUNJAB_HARYANA,Missi roti,veg,Breakfast
BF_REGIONAL_PUNJAB_HARYANA,Methi paratha,veg,Breakfast
BF_REGIONAL_PUNJAB_HARYANA,Dahi aloo paratha,veg,Breakfast
BF_REGIONAL_PUNJAB_HARYANA,Chole kulche,veg,Breakfast
BF_REGIONAL_NORTHEAST,Rice porridge,mixed,Breakfast
BF_REGIONAL_NORTHEAST,Sticky rice,mixed,Breakfast
BF_REGIONAL_NORTHEAST,Black rice kheer,mixed,Breakfast
BF_REGIONAL_NORTHEAST,Lai patta stir fry rice,mixed,Breakfast
BF_REGIONAL_NORTHEAST,Smoked meat rice,mixed,Breakfast
BF_REGIONAL_NORTHEAST,Rice pancake,mixed,Breakfast
BF_REGIONAL_NORTHEAST,Chak-hao pudding,mixed,Breakfast
BF_REGIONAL_NORTHEAST,Bamboo shoot rice,mixed,Breakfast
BF_KID_TIFFIN,Mini idli,veg,Breakfast
BF_KID_TIFFIN,Paratha roll,veg,Breakfast
BF_KID_TIFFIN,Veg sandwich,veg,Breakfast
BF_KID_TIFFIN,Cheese dosa,veg,Breakfast
BF_KID_TIFFIN,Poha balls,veg,Breakfast
BF_KID_TIFFIN,Idli podi,veg,Breakfast
BF_KID_TIFFIN,Mini uttapam,veg,Breakfast
BF_KID_TIFFIN,Stuffed cheela roll,veg,Breakfast
BF_INFANT_6M_SOFT,Mashed dal rice,veg,Breakfast
BF_INFANT_6M_SOFT,Suji kheer,veg,Breakfast
BF_INFANT_6M_SOFT,Ragi porridge,veg,Breakfast
BF_INFANT_6M_SOFT,Mashed banana,veg,Breakfast
BF_INFANT_6M_SOFT,Apple puree,veg,Breakfast
BF_INFANT_6M_SOFT,Soft khichdi,veg,Breakfast
BF_INFANT_6M_SOFT,Mashed sweet potato,veg,Breakfast
BF_INFANT_6M_SOFT,Rice kanji,veg,Breakfast
BF_LACTATION_MOTHER,Dalia with milk,veg,Breakfast
BF_LACTATION_MOTHER,Panjiri portion,veg,Breakfast
BF_LACTATION_MOTHER,Methi paratha,veg,Breakfast
BF_LACTATION_MOTHER,Ajwain paratha,veg,Breakfast
BF_LACTATION_MOTHER,Gond ladoo milk,veg,Breakfast
BF_LACTATION_MOTHER,Moong dal chilla,veg,Breakfast
BF_LACTATION_MOTHER,Ragi malt,veg,Breakfast
BF_LACTATION_MOTHER,Dry fruit milk,veg,Breakfast
BF_DIABETIC_LOW_GI,Methi chilla,veg,Breakfast
BF_DIABETIC_LOW_GI,Oats upma,veg,Breakfast
BF_DIABETIC_LOW_GI,Ragi dosa,veg,Breakfast
BF_DIABETIC_LOW_GI,Vegetable dalia,veg,Breakfast
BF_DIABETIC_LOW_GI,Besan roti,veg,Breakfast
BF_DIABETIC_LOW_GI,Moong dal dosa,veg,Breakfast
BF_DIABETIC_LOW_GI,Sprouts poha,veg,Breakfast
BF_DIABETIC_LOW_GI,Paneer bhurji roti,veg,Breakfast
BF_JAIN_BREAKFAST,Jain poha,veg,Breakfast
BF_JAIN_BREAKFAST,Dhokla no garlic,veg,Breakfast
BF_JAIN_BREAKFAST,Thepla curd,veg,Breakfast
BF_JAIN_BREAKFAST,Handvo no onion garlic,veg,Breakfast
BF_JAIN_BREAKFAST,Fruit nuts,veg,Breakfast
BF_JAIN_BREAKFAST,Moong dal chilla no onion,veg,Breakfast
BF_JAIN_BREAKFAST,Jain upma,veg,Breakfast
BF_JAIN_BREAKFAST,Fafda chutney no garlic,veg,Breakfast
BF_FASTING_PHALAHARI,Sabudana khichdi,veg,Breakfast
BF_FASTING_PHALAHARI,Rajgira chilla,veg,Breakfast
BF_FASTING_PHALAHARI,Kuttu paratha,veg,Breakfast
BF_FASTING_PHALAHARI,Fruit curd,veg,Breakfast
BF_FASTING_PHALAHARI,Makhana,veg,Breakfast
BF_FASTING_PHALAHARI,Samak rice upma,veg,Breakfast
BF_FASTING_PHALAHARI,Singhara cheela,veg,Breakfast
BF_FASTING_PHALAHARI,Peanut potato vrat bowl,veg,Breakfast
BF_OUTSIDE_CAFE_BRUNCH,Pav bhaji brunch,mixed,Breakfast
BF_OUTSIDE_CAFE_BRUNCH,Cafe dosa,mixed,Breakfast
BF_OUTSIDE_CAFE_BRUNCH,Chole kulcha,mixed,Breakfast
BF_OUTSIDE_CAFE_BRUNCH,Grilled sandwich,mixed,Breakfast
BF_OUTSIDE_CAFE_BRUNCH,Paratha cafe platter,mixed,Breakfast
BF_OUTSIDE_CAFE_BRUNCH,English breakfast veg,mixed,Breakfast
BF_OUTSIDE_CAFE_BRUNCH,Egg brunch,mixed,Breakfast
BF_OUTSIDE_CAFE_BRUNCH,Cafe poha,mixed,Breakfast
BF_FIELD_WORK_HEAVY,Paratha curd eggs,mixed,Breakfast
BF_FIELD_WORK_HEAVY,Poori sabzi,mixed,Breakfast
BF_FIELD_WORK_HEAVY,Idli vada sambar,mixed,Breakfast
BF_FIELD_WORK_HEAVY,Poha plus sprouts,mixed,Breakfast
BF_FIELD_WORK_HEAVY,Egg paratha,mixed,Breakfast
BF_FIELD_WORK_HEAVY,Chole kulcha,mixed,Breakfast
BF_FIELD_WORK_HEAVY,Dalia plus banana,mixed,Breakfast
BF_FIELD_WORK_HEAVY,Bhakri pitla breakfast,mixed,Breakfast
BF_SKIP_MINIMAL,Tea only,veg,Breakfast
BF_SKIP_MINIMAL,Coffee banana,veg,Breakfast
BF_SKIP_MINIMAL,Milk banana,veg,Breakfast
BF_SKIP_MINIMAL,Chaas fruit,veg,Breakfast
BF_SKIP_MINIMAL,Dry fruit handful,veg,Breakfast
BF_SKIP_MINIMAL,Protein curd bowl,veg,Breakfast
BF_SKIP_MINIMAL,Toast only,veg,Breakfast
BF_SKIP_MINIMAL,Fruit only,veg,Breakfast
LD_DAL_RICE_COMFORT,Arhar dal rice,veg,Lunch/Dinner
LD_DAL_RICE_COMFORT,Moong dal rice,veg,Lunch/Dinner
LD_DAL_RICE_COMFORT,Masoor dal rice,veg,Lunch/Dinner
LD_DAL_RICE_COMFORT,Dal tadka rice,veg,Lunch/Dinner
LD_DAL_RICE_COMFORT,Dalma rice,veg,Lunch/Dinner
LD_DAL_RICE_COMFORT,Varan bhaat,veg,Lunch/Dinner
LD_DAL_RICE_COMFORT,Khichdi kadhi plate,veg,Lunch/Dinner
LD_DAL_RICE_COMFORT,Dal bhat,veg,Lunch/Dinner
LD_DAL_ROTI_SABZI,Dal roti bhindi,veg,Lunch/Dinner
LD_DAL_ROTI_SABZI,Dal roti aloo gobi,veg,Lunch/Dinner
LD_DAL_ROTI_SABZI,Dal roti lauki,veg,Lunch/Dinner
LD_DAL_ROTI_SABZI,Dal roti beans,veg,Lunch/Dinner
LD_DAL_ROTI_SABZI,Dal roti cabbage,veg,Lunch/Dinner
LD_DAL_ROTI_SABZI,Dal roti methi aloo,veg,Lunch/Dinner
LD_DAL_ROTI_SABZI,Dal roti tindora,veg,Lunch/Dinner
LD_DAL_ROTI_SABZI,Dal roti palak,veg,Lunch/Dinner
LD_SIMPLE_GREEN_VEG_SABZI,Bhindi sabzi,veg,Lunch/Dinner
LD_SIMPLE_GREEN_VEG_SABZI,Lauki sabzi,veg,Lunch/Dinner
LD_SIMPLE_GREEN_VEG_SABZI,Turai sabzi,veg,Lunch/Dinner
LD_SIMPLE_GREEN_VEG_SABZI,Tinda sabzi,veg,Lunch/Dinner
LD_SIMPLE_GREEN_VEG_SABZI,Beans poriyal,veg,Lunch/Dinner
LD_SIMPLE_GREEN_VEG_SABZI,Cabbage sabzi,veg,Lunch/Dinner
LD_SIMPLE_GREEN_VEG_SABZI,Kundru sabzi,veg,Lunch/Dinner
LD_SIMPLE_GREEN_VEG_SABZI,Parwal sabzi,veg,Lunch/Dinner
LD_SIMPLE_GREEN_VEG_SABZI,Gawar phali,veg,Lunch/Dinner
LD_SIMPLE_GREEN_VEG_SABZI,Capsicum besan,veg,Lunch/Dinner
LD_GOURD_PUMPKIN_LIGHT,Lauki chana dal,veg,Lunch/Dinner
LD_GOURD_PUMPKIN_LIGHT,Kaddu sabzi,veg,Lunch/Dinner
LD_GOURD_PUMPKIN_LIGHT,Parval curry,veg,Lunch/Dinner
LD_GOURD_PUMPKIN_LIGHT,Snake gourd poriyal,veg,Lunch/Dinner
LD_GOURD_PUMPKIN_LIGHT,Bottle gourd kofta light,veg,Lunch/Dinner
LD_GOURD_PUMPKIN_LIGHT,Tori dal,veg,Lunch/Dinner
LD_GOURD_PUMPKIN_LIGHT,Ash gourd curry,veg,Lunch/Dinner
LD_GOURD_PUMPKIN_LIGHT,Kumro chokka,veg,Lunch/Dinner
LD_LEAFY_GREENS_SAAG,Palak sabzi,veg,Lunch/Dinner
LD_LEAFY_GREENS_SAAG,Methi aloo,veg,Lunch/Dinner
LD_LEAFY_GREENS_SAAG,Sarson ka saag,veg,Lunch/Dinner
LD_LEAFY_GREENS_SAAG,Lal saag,veg,Lunch/Dinner
LD_LEAFY_GREENS_SAAG,Amaranth stir fry,veg,Lunch/Dinner
LD_LEAFY_GREENS_SAAG,Spinach dal,veg,Lunch/Dinner
LD_LEAFY_GREENS_SAAG,Drumstick leaves poriyal,veg,Lunch/Dinner
LD_LEAFY_GREENS_SAAG,Gongura pachadi rice,veg,Lunch/Dinner
LD_ROOT_TUBER_SABZI,Aloo jeera,veg,Lunch/Dinner
LD_ROOT_TUBER_SABZI,Arbi masala,veg,Lunch/Dinner
LD_ROOT_TUBER_SABZI,Sweet potato sabzi,veg,Lunch/Dinner
LD_ROOT_TUBER_SABZI,Suran curry,veg,Lunch/Dinner
LD_ROOT_TUBER_SABZI,Aloo posto,veg,Lunch/Dinner
LD_ROOT_TUBER_SABZI,Aloo capsicum,veg,Lunch/Dinner
LD_ROOT_TUBER_SABZI,Kachaloo,veg,Lunch/Dinner
LD_ROOT_TUBER_SABZI,Kappa puzhukku,veg,Lunch/Dinner
LD_MIXED_VEG_DRY,Mix veg sabzi,veg,Lunch/Dinner
LD_MIXED_VEG_DRY,Avial dry,veg,Lunch/Dinner
LD_MIXED_VEG_DRY,Kadai vegetable,veg,Lunch/Dinner
LD_MIXED_VEG_DRY,Veg poriyal,veg,Lunch/Dinner
LD_MIXED_VEG_DRY,Tawa sabzi,veg,Lunch/Dinner
LD_MIXED_VEG_DRY,Vegetable jalfrezi,veg,Lunch/Dinner
LD_MIXED_VEG_DRY,Undhiyu light,veg,Lunch/Dinner
LD_MIXED_VEG_DRY,Kootu dry,veg,Lunch/Dinner
LD_SEMI_GRAVY_VEG,Aloo matar,veg,Lunch/Dinner
LD_SEMI_GRAVY_VEG,Dum aloo light,veg,Lunch/Dinner
LD_SEMI_GRAVY_VEG,Baingan bharta,veg,Lunch/Dinner
LD_SEMI_GRAVY_VEG,Baingan curry,veg,Lunch/Dinner
LD_SEMI_GRAVY_VEG,Veg korma light,veg,Lunch/Dinner
LD_SEMI_GRAVY_VEG,Veg kurma,veg,Lunch/Dinner
LD_SEMI_GRAVY_VEG,Sev tamatar,veg,Lunch/Dinner
LD_SEMI_GRAVY_VEG,Bagara baingan,veg,Lunch/Dinner
LD_KADHI_CURD_CURRY,Punjabi kadhi,veg,Lunch/Dinner
LD_KADHI_CURD_CURRY,Gujarati kadhi,veg,Lunch/Dinner
LD_KADHI_CURD_CURRY,Rajasthani kadhi,veg,Lunch/Dinner
LD_KADHI_CURD_CURRY,Sindhi kadhi,veg,Lunch/Dinner
LD_KADHI_CURD_CURRY,Mor kuzhambu,veg,Lunch/Dinner
LD_KADHI_CURD_CURRY,Majjiga pulusu,veg,Lunch/Dinner
LD_KADHI_CURD_CURRY,Kadhi pakora,veg,Lunch/Dinner
LD_KADHI_CURD_CURRY,Dahi aloo curry,veg,Lunch/Dinner
LD_RAJMA_CHOLE_LEGUME,Rajma rice,veg,Lunch/Dinner
LD_RAJMA_CHOLE_LEGUME,Chole rice,veg,Lunch/Dinner
LD_RAJMA_CHOLE_LEGUME,Kala chana curry,veg,Lunch/Dinner
LD_RAJMA_CHOLE_LEGUME,Lobia curry,veg,Lunch/Dinner
LD_RAJMA_CHOLE_LEGUME,Matki usal,veg,Lunch/Dinner
LD_RAJMA_CHOLE_LEGUME,Vatana usal,veg,Lunch/Dinner
LD_RAJMA_CHOLE_LEGUME,Ghugni,veg,Lunch/Dinner
LD_RAJMA_CHOLE_LEGUME,Chana masala roti,veg,Lunch/Dinner
LD_PANEER_HOME_DRY,Paneer bhurji,veg,Lunch/Dinner
LD_PANEER_HOME_DRY,Paneer capsicum,veg,Lunch/Dinner
LD_PANEER_HOME_DRY,Matar paneer dry,veg,Lunch/Dinner
LD_PANEER_HOME_DRY,Paneer peas sabzi,veg,Lunch/Dinner
LD_PANEER_HOME_DRY,Palak paneer light,veg,Lunch/Dinner
LD_PANEER_HOME_DRY,Paneer paratha meal,veg,Lunch/Dinner
LD_PANEER_HOME_DRY,Tofu bhurji,veg,Lunch/Dinner
LD_PANEER_HOME_DRY,Paneer tikka roti,veg,Lunch/Dinner
LD_PANEER_RICH_GRAVY,Paneer butter masala,veg,Lunch/Dinner
LD_PANEER_RICH_GRAVY,Shahi paneer,veg,Lunch/Dinner
LD_PANEER_RICH_GRAVY,Kadai paneer gravy,veg,Lunch/Dinner
LD_PANEER_RICH_GRAVY,Matar paneer gravy,veg,Lunch/Dinner
LD_PANEER_RICH_GRAVY,Paneer lababdar,veg,Lunch/Dinner
LD_PANEER_RICH_GRAVY,Malai kofta,veg,Lunch/Dinner
LD_PANEER_RICH_GRAVY,Paneer pasanda,veg,Lunch/Dinner
LD_PANEER_RICH_GRAVY,Paneer makhani,veg,Lunch/Dinner
LD_SOY_TOFU_PROTEIN,Soya chaap curry,veg,Lunch/Dinner
LD_SOY_TOFU_PROTEIN,Tofu stir fry,veg,Lunch/Dinner
LD_SOY_TOFU_PROTEIN,Soya chunk pulao,veg,Lunch/Dinner
LD_SOY_TOFU_PROTEIN,Tofu bhurji,veg,Lunch/Dinner
LD_SOY_TOFU_PROTEIN,Soya keema,veg,Lunch/Dinner
LD_SOY_TOFU_PROTEIN,Soyabean curry,veg,Lunch/Dinner
LD_SOY_TOFU_PROTEIN,Tofu palak,veg,Lunch/Dinner
LD_SOY_TOFU_PROTEIN,Soya tikka roti,veg,Lunch/Dinner
LD_LIGHT_KHICHDI,Moong dal khichdi,veg,Lunch/Dinner
LD_LIGHT_KHICHDI,Masala khichdi,veg,Lunch/Dinner
LD_LIGHT_KHICHDI,Vegetable khichdi,veg,Lunch/Dinner
LD_LIGHT_KHICHDI,Bajra khichdi,veg,Lunch/Dinner
LD_LIGHT_KHICHDI,Oats khichdi,veg,Lunch/Dinner
LD_LIGHT_KHICHDI,Dal khichdi,veg,Lunch/Dinner
LD_LIGHT_KHICHDI,Pongal,veg,Lunch/Dinner
LD_LIGHT_KHICHDI,Soft daliya khichdi,veg,Lunch/Dinner
LD_MILLET_ROTI_THALI,Jowar bhakri pitla,veg,Lunch/Dinner
LD_MILLET_ROTI_THALI,Bajra roti kadhi,veg,Lunch/Dinner
LD_MILLET_ROTI_THALI,Ragi mudde sambar,veg,Lunch/Dinner
LD_MILLET_ROTI_THALI,Bajra rotla ringan,veg,Lunch/Dinner
LD_MILLET_ROTI_THALI,Jowar roti zunka,veg,Lunch/Dinner
LD_MILLET_ROTI_THALI,Makki roti saag,veg,Lunch/Dinner
LD_MILLET_ROTI_THALI,Kodo millet khichdi,veg,Lunch/Dinner
LD_MILLET_ROTI_THALI,Ragi ball curry,veg,Lunch/Dinner
LD_RICE_PULAO_VEG,Veg pulao,veg,Lunch/Dinner
LD_RICE_PULAO_VEG,Peas pulao,veg,Lunch/Dinner
LD_RICE_PULAO_VEG,Jeera rice dal,veg,Lunch/Dinner
LD_RICE_PULAO_VEG,Ghee rice kurma,veg,Lunch/Dinner
LD_RICE_PULAO_VEG,Tomato rice,veg,Lunch/Dinner
LD_RICE_PULAO_VEG,Coconut rice,veg,Lunch/Dinner
LD_RICE_PULAO_VEG,Vegetable tahiri,veg,Lunch/Dinner
LD_RICE_PULAO_VEG,Peanut rice,veg,Lunch/Dinner
LD_VEG_BIRYANI_SPECIAL,Veg biryani,veg,Lunch/Dinner
LD_VEG_BIRYANI_SPECIAL,Hyderabadi veg biryani,veg,Lunch/Dinner
LD_VEG_BIRYANI_SPECIAL,Kathal biryani,veg,Lunch/Dinner
LD_VEG_BIRYANI_SPECIAL,Paneer biryani,veg,Lunch/Dinner
LD_VEG_BIRYANI_SPECIAL,Mushroom biryani,veg,Lunch/Dinner
LD_VEG_BIRYANI_SPECIAL,Tehri,veg,Lunch/Dinner
LD_VEG_BIRYANI_SPECIAL,Kolkata veg biryani,veg,Lunch/Dinner
LD_VEG_BIRYANI_SPECIAL,Awadhi veg biryani,veg,Lunch/Dinner
LD_SOUTH_SAMBAR_RASAM,Sambar rice,veg,Lunch/Dinner
LD_SOUTH_SAMBAR_RASAM,Rasam rice,veg,Lunch/Dinner
LD_SOUTH_SAMBAR_RASAM,Kootu rice,veg,Lunch/Dinner
LD_SOUTH_SAMBAR_RASAM,Poriyal sambar plate,veg,Lunch/Dinner
LD_SOUTH_SAMBAR_RASAM,Sambar sadam,veg,Lunch/Dinner
LD_SOUTH_SAMBAR_RASAM,Pappu charu rice,veg,Lunch/Dinner
LD_SOUTH_SAMBAR_RASAM,Paruppu rasam,veg,Lunch/Dinner
LD_SOUTH_SAMBAR_RASAM,Milagu rasam meal,veg,Lunch/Dinner
LD_SOUTH_CURD_RICE,Curd rice,veg,Lunch/Dinner
LD_SOUTH_CURD_RICE,Bagala bath,veg,Lunch/Dinner
LD_SOUTH_CURD_RICE,Mosaranna,veg,Lunch/Dinner
LD_SOUTH_CURD_RICE,Dahi chawal,veg,Lunch/Dinner
LD_SOUTH_CURD_RICE,Curd rice pickle,veg,Lunch/Dinner
LD_SOUTH_CURD_RICE,Pomegranate curd rice,veg,Lunch/Dinner
LD_SOUTH_CURD_RICE,Tempered curd rice,veg,Lunch/Dinner
LD_SOUTH_CURD_RICE,Thayir sadam,veg,Lunch/Dinner
LD_SOUTH_TAMARIND_LEMON_RICE,Lemon rice,veg,Lunch/Dinner
LD_SOUTH_TAMARIND_LEMON_RICE,Puliyodarai,veg,Lunch/Dinner
LD_SOUTH_TAMARIND_LEMON_RICE,Tamarind rice,veg,Lunch/Dinner
LD_SOUTH_TAMARIND_LEMON_RICE,Coconut rice,veg,Lunch/Dinner
LD_SOUTH_TAMARIND_LEMON_RICE,Tomato rice,veg,Lunch/Dinner
LD_SOUTH_TAMARIND_LEMON_RICE,Mango rice,veg,Lunch/Dinner
LD_SOUTH_TAMARIND_LEMON_RICE,Peanut rice,veg,Lunch/Dinner
LD_SOUTH_TAMARIND_LEMON_RICE,Pulihora,veg,Lunch/Dinner
LD_COCONUT_VEG_STEW,Vegetable stew,veg,Lunch/Dinner
LD_COCONUT_VEG_STEW,Avial,veg,Lunch/Dinner
LD_COCONUT_VEG_STEW,Olan,veg,Lunch/Dinner
LD_COCONUT_VEG_STEW,Kootu curry,veg,Lunch/Dinner
LD_COCONUT_VEG_STEW,Coconut veg kurma,veg,Lunch/Dinner
LD_COCONUT_VEG_STEW,Kadala curry veg plate,veg,Lunch/Dinner
LD_COCONUT_VEG_STEW,Moilee veg,veg,Lunch/Dinner
LD_COCONUT_VEG_STEW,Tendli coconut curry,veg,Lunch/Dinner
LD_ODIA_DALMA_PAKHALA,Dalma rice,veg,Lunch/Dinner
LD_ODIA_DALMA_PAKHALA,Pakhala bhata,veg,Lunch/Dinner
LD_ODIA_DALMA_PAKHALA,Santula,veg,Lunch/Dinner
LD_ODIA_DALMA_PAKHALA,Aloo bharta pakhala,veg,Lunch/Dinner
LD_ODIA_DALMA_PAKHALA,Badi chura,veg,Lunch/Dinner
LD_ODIA_DALMA_PAKHALA,Besara curry,veg,Lunch/Dinner
LD_ODIA_DALMA_PAKHALA,Saga bhaja,veg,Lunch/Dinner
LD_ODIA_DALMA_PAKHALA,Kanika dalma,veg,Lunch/Dinner
LD_BENGALI_VEG_DAL_BHAAT,Moong dal bhaat,veg,Lunch/Dinner
LD_BENGALI_VEG_DAL_BHAAT,Shukto,veg,Lunch/Dinner
LD_BENGALI_VEG_DAL_BHAAT,Aloo posto,veg,Lunch/Dinner
LD_BENGALI_VEG_DAL_BHAAT,Chorchori,veg,Lunch/Dinner
LD_BENGALI_VEG_DAL_BHAAT,Lau ghonto,veg,Lunch/Dinner
LD_BENGALI_VEG_DAL_BHAAT,Begun bhaja dal,veg,Lunch/Dinner
LD_BENGALI_VEG_DAL_BHAAT,Dhokar dalna,veg,Lunch/Dinner
LD_BENGALI_VEG_DAL_BHAAT,Labra,veg,Lunch/Dinner
LD_GUJARATI_THALI,Dal dhokli,veg,Lunch/Dinner
LD_GUJARATI_THALI,Gujarati dal rice,veg,Lunch/Dinner
LD_GUJARATI_THALI,Undhiyu roti,veg,Lunch/Dinner
LD_GUJARATI_THALI,Sev tameta,veg,Lunch/Dinner
LD_GUJARATI_THALI,Kadhi khichdi,veg,Lunch/Dinner
LD_GUJARATI_THALI,Methi thepla shaak,veg,Lunch/Dinner
LD_GUJARATI_THALI,Ringan batata shaak,veg,Lunch/Dinner
LD_GUJARATI_THALI,Handvo kadhi,veg,Lunch/Dinner
LD_RAJASTHANI_DAL_BAATI,Dal baati churma,veg,Lunch/Dinner
LD_RAJASTHANI_DAL_BAATI,Gatte ki sabzi,veg,Lunch/Dinner
LD_RAJASTHANI_DAL_BAATI,Ker sangri,veg,Lunch/Dinner
LD_RAJASTHANI_DAL_BAATI,Panchmel dal,veg,Lunch/Dinner
LD_RAJASTHANI_DAL_BAATI,Papad ki sabzi,veg,Lunch/Dinner
LD_RAJASTHANI_DAL_BAATI,Bajra roti lehsun chutney,veg,Lunch/Dinner
LD_RAJASTHANI_DAL_BAATI,Mangodi sabzi,veg,Lunch/Dinner
LD_RAJASTHANI_DAL_BAATI,Raabdi bajra,veg,Lunch/Dinner
LD_PUNJABI_RICH_VEG,Sarson saag makki roti,veg,Lunch/Dinner
LD_PUNJABI_RICH_VEG,Chole kulche,veg,Lunch/Dinner
LD_PUNJABI_RICH_VEG,Rajma chawal,veg,Lunch/Dinner
LD_PUNJABI_RICH_VEG,Kadhi chawal,veg,Lunch/Dinner
LD_PUNJABI_RICH_VEG,Paneer makhani,veg,Lunch/Dinner
LD_PUNJABI_RICH_VEG,Dal makhani,veg,Lunch/Dinner
LD_PUNJABI_RICH_VEG,Amritsari aloo kulcha,veg,Lunch/Dinner
LD_PUNJABI_RICH_VEG,Maa chole di dal,veg,Lunch/Dinner
LD_MAHARASHTRIAN_PITLA_BHAKRI,Pitla bhakri,veg,Lunch/Dinner
LD_MAHARASHTRIAN_PITLA_BHAKRI,Zunka bhakri,veg,Lunch/Dinner
LD_MAHARASHTRIAN_PITLA_BHAKRI,Varan bhaat,veg,Lunch/Dinner
LD_MAHARASHTRIAN_PITLA_BHAKRI,Matki usal,veg,Lunch/Dinner
LD_MAHARASHTRIAN_PITLA_BHAKRI,Bharli vangi,veg,Lunch/Dinner
LD_MAHARASHTRIAN_PITLA_BHAKRI,Pithla rice,veg,Lunch/Dinner
LD_MAHARASHTRIAN_PITLA_BHAKRI,Masale bhaat,veg,Lunch/Dinner
LD_MAHARASHTRIAN_PITLA_BHAKRI,Kanda batata rassa,veg,Lunch/Dinner
LD_BIHAR_LITTI_SATTU,Litti chokha,veg,Lunch/Dinner
LD_BIHAR_LITTI_SATTU,Sattu paratha curd,veg,Lunch/Dinner
LD_BIHAR_LITTI_SATTU,Dal pitha,veg,Lunch/Dinner
LD_BIHAR_LITTI_SATTU,Chana ghugni rice,veg,Lunch/Dinner
LD_BIHAR_LITTI_SATTU,Aloo chokha roti,veg,Lunch/Dinner
LD_BIHAR_LITTI_SATTU,Bihari kadhi bari,veg,Lunch/Dinner
LD_BIHAR_LITTI_SATTU,Badi sabzi,veg,Lunch/Dinner
LD_BIHAR_LITTI_SATTU,Sattu roti platter,veg,Lunch/Dinner
LD_NORTHEAST_VEG_STEAMED,Rice with lai patta,veg,Lunch/Dinner
LD_NORTHEAST_VEG_STEAMED,Bamboo shoot veg curry,veg,Lunch/Dinner
LD_NORTHEAST_VEG_STEAMED,Iromba veg,veg,Lunch/Dinner
LD_NORTHEAST_VEG_STEAMED,Axone veg rice,veg,Lunch/Dinner
LD_NORTHEAST_VEG_STEAMED,Boiled greens rice,veg,Lunch/Dinner
LD_NORTHEAST_VEG_STEAMED,Chak-hao veg meal,veg,Lunch/Dinner
LD_NORTHEAST_VEG_STEAMED,Pumpkin leaves curry,veg,Lunch/Dinner
LD_NORTHEAST_VEG_STEAMED,Fermented soya veg meal,veg,Lunch/Dinner
LD_HIMALAYAN_THUKPA_MOMO,Vegetable thukpa,mixed,Lunch/Dinner
LD_HIMALAYAN_THUKPA_MOMO,Veg momos,mixed,Lunch/Dinner
LD_HIMALAYAN_THUKPA_MOMO,Siddu dal,mixed,Lunch/Dinner
LD_HIMALAYAN_THUKPA_MOMO,Tingmo curry,mixed,Lunch/Dinner
LD_HIMALAYAN_THUKPA_MOMO,Thenthuk,mixed,Lunch/Dinner
LD_HIMALAYAN_THUKPA_MOMO,Buckwheat roti curry,mixed,Lunch/Dinner
LD_HIMALAYAN_THUKPA_MOMO,Chana madra rice,mixed,Lunch/Dinner
LD_HIMALAYAN_THUKPA_MOMO,Gahat dal rice,mixed,Lunch/Dinner
LD_MODERN_SALAD_BOWL,Paneer salad bowl,veg,Lunch/Dinner
LD_MODERN_SALAD_BOWL,Chana quinoa bowl,veg,Lunch/Dinner
LD_MODERN_SALAD_BOWL,Millet salad,veg,Lunch/Dinner
LD_MODERN_SALAD_BOWL,Burrito bowl veg,veg,Lunch/Dinner
LD_MODERN_SALAD_BOWL,Curd rice bowl modern,veg,Lunch/Dinner
LD_MODERN_SALAD_BOWL,Sprouts paneer bowl,veg,Lunch/Dinner
LD_MODERN_SALAD_BOWL,Tofu salad,veg,Lunch/Dinner
LD_MODERN_SALAD_BOWL,Rajma salad bowl,veg,Lunch/Dinner
LD_LOW_CARB_PROTEIN_PLATE,Paneer stir fry salad,mixed,Lunch/Dinner
LD_LOW_CARB_PROTEIN_PLATE,Chicken salad bowl,mixed,Lunch/Dinner
LD_LOW_CARB_PROTEIN_PLATE,Egg paneer plate,mixed,Lunch/Dinner
LD_LOW_CARB_PROTEIN_PLATE,Tofu veg plate,mixed,Lunch/Dinner
LD_LOW_CARB_PROTEIN_PLATE,Sprouts paneer salad,mixed,Lunch/Dinner
LD_LOW_CARB_PROTEIN_PLATE,Fish tikka salad,mixed,Lunch/Dinner
LD_LOW_CARB_PROTEIN_PLATE,Soya stir fry,mixed,Lunch/Dinner
LD_LOW_CARB_PROTEIN_PLATE,Dal soup with salad,mixed,Lunch/Dinner
LD_HIGH_PROTEIN_VEG_PLATE,Paneer dal roti,veg,Lunch/Dinner
LD_HIGH_PROTEIN_VEG_PLATE,Soya chunk curry rice,veg,Lunch/Dinner
LD_HIGH_PROTEIN_VEG_PLATE,Sprouts kadhi plate,veg,Lunch/Dinner
LD_HIGH_PROTEIN_VEG_PLATE,Chana paneer salad,veg,Lunch/Dinner
LD_HIGH_PROTEIN_VEG_PLATE,Tofu palak roti,veg,Lunch/Dinner
LD_HIGH_PROTEIN_VEG_PLATE,Rajma paneer bowl,veg,Lunch/Dinner
LD_HIGH_PROTEIN_VEG_PLATE,Moong chilla meal,veg,Lunch/Dinner
LD_HIGH_PROTEIN_VEG_PLATE,Curd chana rice,veg,Lunch/Dinner
LD_CHILD_MILD_PLATE,Dal rice ghee,veg,Lunch/Dinner
LD_CHILD_MILD_PLATE,Roti paneer bhurji,veg,Lunch/Dinner
LD_CHILD_MILD_PLATE,Mild pulao,veg,Lunch/Dinner
LD_CHILD_MILD_PLATE,Curd rice,veg,Lunch/Dinner
LD_CHILD_MILD_PLATE,Mini paratha curd,veg,Lunch/Dinner
LD_CHILD_MILD_PLATE,Soft khichdi,veg,Lunch/Dinner
LD_CHILD_MILD_PLATE,Mild pasta veg,veg,Lunch/Dinner
LD_CHILD_MILD_PLATE,Dahi aloo rice,veg,Lunch/Dinner
LD_ELDERLY_SOFT_DIGESTIVE,Moong khichdi,veg,Lunch/Dinner
LD_ELDERLY_SOFT_DIGESTIVE,Soft dalia,veg,Lunch/Dinner
LD_ELDERLY_SOFT_DIGESTIVE,Lauki dal rice,veg,Lunch/Dinner
LD_ELDERLY_SOFT_DIGESTIVE,Curd rice,veg,Lunch/Dinner
LD_ELDERLY_SOFT_DIGESTIVE,Vegetable soup dal,veg,Lunch/Dinner
LD_ELDERLY_SOFT_DIGESTIVE,Soft phulka dal,veg,Lunch/Dinner
LD_ELDERLY_SOFT_DIGESTIVE,Palak dal rice,veg,Lunch/Dinner
LD_ELDERLY_SOFT_DIGESTIVE,Idli sambar soft,veg,Lunch/Dinner
LD_JAIN_NO_ROOT_MAIN,Jain dal rice,veg,Lunch/Dinner
LD_JAIN_NO_ROOT_MAIN,Jain paneer curry,veg,Lunch/Dinner
LD_JAIN_NO_ROOT_MAIN,Jain moong sabzi,veg,Lunch/Dinner
LD_JAIN_NO_ROOT_MAIN,Raw banana shaak,veg,Lunch/Dinner
LD_JAIN_NO_ROOT_MAIN,Lauki no onion garlic,veg,Lunch/Dinner
LD_JAIN_NO_ROOT_MAIN,Jain kadhi,veg,Lunch/Dinner
LD_JAIN_NO_ROOT_MAIN,Jain pulao,veg,Lunch/Dinner
LD_JAIN_NO_ROOT_MAIN,Papad mangodi shaak,veg,Lunch/Dinner
LD_FASTING_MAIN,Sabudana khichdi,veg,Lunch/Dinner
LD_FASTING_MAIN,Kuttu puri aloo,veg,Lunch/Dinner
LD_FASTING_MAIN,Samak rice khichdi,veg,Lunch/Dinner
LD_FASTING_MAIN,Rajgira paratha,veg,Lunch/Dinner
LD_FASTING_MAIN,Makhana curry,veg,Lunch/Dinner
LD_FASTING_MAIN,Peanut potato curry,veg,Lunch/Dinner
LD_FASTING_MAIN,Singhara roti,veg,Lunch/Dinner
LD_FASTING_MAIN,Vrat kadhi,veg,Lunch/Dinner
LD_LEFTOVER_REUSE,Dal paratha,veg,Lunch/Dinner
LD_LEFTOVER_REUSE,Fried rice from leftover rice,veg,Lunch/Dinner
LD_LEFTOVER_REUSE,Roti upma,veg,Lunch/Dinner
LD_LEFTOVER_REUSE,Sabzi sandwich,veg,Lunch/Dinner
LD_LEFTOVER_REUSE,Dal dhokli quick,veg,Lunch/Dinner
LD_LEFTOVER_REUSE,Khichdi tikki,veg,Lunch/Dinner
LD_LEFTOVER_REUSE,Curd rice from rice,veg,Lunch/Dinner
LD_LEFTOVER_REUSE,Chapati roll,veg,Lunch/Dinner
LD_ONE_POT_PRESSURE,Veg pulao cooker,mixed,Lunch/Dinner
LD_ONE_POT_PRESSURE,Khichdi cooker,mixed,Lunch/Dinner
LD_ONE_POT_PRESSURE,Chicken pulao cooker,mixed,Lunch/Dinner
LD_ONE_POT_PRESSURE,Dal dhokli one-pot,mixed,Lunch/Dinner
LD_ONE_POT_PRESSURE,Sambar rice one-pot,mixed,Lunch/Dinner
LD_ONE_POT_PRESSURE,Tehri,mixed,Lunch/Dinner
LD_ONE_POT_PRESSURE,Egg rice one-pot,mixed,Lunch/Dinner
LD_ONE_POT_PRESSURE,Millet khichdi cooker,mixed,Lunch/Dinner
LD_OUTSIDE_DELIVERY_INDIAN,Dal makhani naan,mixed,Lunch/Dinner
LD_OUTSIDE_DELIVERY_INDIAN,Paneer tikka masala,mixed,Lunch/Dinner
LD_OUTSIDE_DELIVERY_INDIAN,Butter chicken,mixed,Lunch/Dinner
LD_OUTSIDE_DELIVERY_INDIAN,Biryani delivery,mixed,Lunch/Dinner
LD_OUTSIDE_DELIVERY_INDIAN,Chole kulche,mixed,Lunch/Dinner
LD_OUTSIDE_DELIVERY_INDIAN,South Indian meals,mixed,Lunch/Dinner
LD_OUTSIDE_DELIVERY_INDIAN,Thali delivery,mixed,Lunch/Dinner
LD_OUTSIDE_DELIVERY_INDIAN,Rolls and wraps,mixed,Lunch/Dinner
LD_INDO_CHINESE_MEAL,Veg fried rice,mixed,Lunch/Dinner
LD_INDO_CHINESE_MEAL,Veg noodles,mixed,Lunch/Dinner
LD_INDO_CHINESE_MEAL,Gobi manchurian,mixed,Lunch/Dinner
LD_INDO_CHINESE_MEAL,Paneer chilli,mixed,Lunch/Dinner
LD_INDO_CHINESE_MEAL,Chicken fried rice,mixed,Lunch/Dinner
LD_INDO_CHINESE_MEAL,Chicken noodles,mixed,Lunch/Dinner
LD_INDO_CHINESE_MEAL,Schezwan rice,mixed,Lunch/Dinner
LD_INDO_CHINESE_MEAL,Hakka noodles,mixed,Lunch/Dinner
LD_PASTA_PIZZA_MODERN,White sauce pasta,mixed,Lunch/Dinner
LD_PASTA_PIZZA_MODERN,Red sauce pasta,mixed,Lunch/Dinner
LD_PASTA_PIZZA_MODERN,Veg pizza,mixed,Lunch/Dinner
LD_PASTA_PIZZA_MODERN,Paneer pizza,mixed,Lunch/Dinner
LD_PASTA_PIZZA_MODERN,Chicken pasta,mixed,Lunch/Dinner
LD_PASTA_PIZZA_MODERN,Macaroni,mixed,Lunch/Dinner
LD_PASTA_PIZZA_MODERN,Pesto pasta,mixed,Lunch/Dinner
LD_PASTA_PIZZA_MODERN,Garlic bread meal,mixed,Lunch/Dinner
LD_FESTIVE_THALI,Puran poli thali,mixed,Lunch/Dinner
LD_FESTIVE_THALI,Onam sadya,mixed,Lunch/Dinner
LD_FESTIVE_THALI,North Indian thali,mixed,Lunch/Dinner
LD_FESTIVE_THALI,Bengali pujo bhog,mixed,Lunch/Dinner
LD_FESTIVE_THALI,Gujarati festival thali,mixed,Lunch/Dinner
LD_FESTIVE_THALI,Rajasthani thali,mixed,Lunch/Dinner
LD_FESTIVE_THALI,Eid biryani platter,mixed,Lunch/Dinner
LD_FESTIVE_THALI,Pongal festival meal,mixed,Lunch/Dinner
LD_WEEKEND_SPECIAL_REGIONAL,Dal bafla,mixed,Lunch/Dinner
LD_WEEKEND_SPECIAL_REGIONAL,Misal pav meal,mixed,Lunch/Dinner
LD_WEEKEND_SPECIAL_REGIONAL,Bisi bele bath,mixed,Lunch/Dinner
LD_WEEKEND_SPECIAL_REGIONAL,Hyderabadi bagara rice,mixed,Lunch/Dinner
LD_WEEKEND_SPECIAL_REGIONAL,Kashmiri dum aloo,mixed,Lunch/Dinner
LD_WEEKEND_SPECIAL_REGIONAL,Chaman qaliya,mixed,Lunch/Dinner
LD_WEEKEND_SPECIAL_REGIONAL,Bamboo shoot curry,mixed,Lunch/Dinner
LD_WEEKEND_SPECIAL_REGIONAL,Chak-hao meal,mixed,Lunch/Dinner
LD_TEEN_HIGH_CALORIE,Rajma rice extra curd,mixed,Lunch/Dinner
LD_TEEN_HIGH_CALORIE,Paratha paneer,mixed,Lunch/Dinner
LD_TEEN_HIGH_CALORIE,Chicken rice bowl,mixed,Lunch/Dinner
LD_TEEN_HIGH_CALORIE,Pulao raita,mixed,Lunch/Dinner
LD_TEEN_HIGH_CALORIE,Chole rice,mixed,Lunch/Dinner
LD_TEEN_HIGH_CALORIE,Paneer roll meal,mixed,Lunch/Dinner
LD_TEEN_HIGH_CALORIE,Egg curry rice,mixed,Lunch/Dinner
LD_TEEN_HIGH_CALORIE,Dal rice ghee,mixed,Lunch/Dinner
LD_PREGNANCY_BALANCED,Dal palak rice,mixed,Lunch/Dinner
LD_PREGNANCY_BALANCED,Paneer roti sabzi,mixed,Lunch/Dinner
LD_PREGNANCY_BALANCED,Egg curry rice if eaten,mixed,Lunch/Dinner
LD_PREGNANCY_BALANCED,Khichdi curd,mixed,Lunch/Dinner
LD_PREGNANCY_BALANCED,Chana salad roti,mixed,Lunch/Dinner
LD_PREGNANCY_BALANCED,Fish curry rice if eaten,mixed,Lunch/Dinner
LD_PREGNANCY_BALANCED,Dalia khichdi,mixed,Lunch/Dinner
LD_PREGNANCY_BALANCED,Sprouts dal plate,mixed,Lunch/Dinner
LD_LACTATION_POSTPARTUM,Moong dal khichdi,mixed,Lunch/Dinner
LD_LACTATION_POSTPARTUM,Dalia with ghee,mixed,Lunch/Dinner
LD_LACTATION_POSTPARTUM,Ajwain paratha curd,mixed,Lunch/Dinner
LD_LACTATION_POSTPARTUM,Lauki dal rice,mixed,Lunch/Dinner
LD_LACTATION_POSTPARTUM,Ragi mudde sambar,mixed,Lunch/Dinner
LD_LACTATION_POSTPARTUM,Methi dal roti,mixed,Lunch/Dinner
LD_LACTATION_POSTPARTUM,Chicken soup if eaten,mixed,Lunch/Dinner
LD_LACTATION_POSTPARTUM,Soft paneer dal,mixed,Lunch/Dinner
LD_RECOVERY_SOFT_PROTEIN,Moong dal soup,mixed,Lunch/Dinner
LD_RECOVERY_SOFT_PROTEIN,Chicken soup if eaten,mixed,Lunch/Dinner
LD_RECOVERY_SOFT_PROTEIN,Soft paneer bhurji,mixed,Lunch/Dinner
LD_RECOVERY_SOFT_PROTEIN,Curd rice,mixed,Lunch/Dinner
LD_RECOVERY_SOFT_PROTEIN,Palak dal,mixed,Lunch/Dinner
LD_RECOVERY_SOFT_PROTEIN,Egg drop soup if eaten,mixed,Lunch/Dinner
LD_RECOVERY_SOFT_PROTEIN,Dalia khichdi,mixed,Lunch/Dinner
LD_RECOVERY_SOFT_PROTEIN,Fish stew if eaten,mixed,Lunch/Dinner
LD_EGG_CURRY_BHURJI,Egg curry rice,egg,Lunch/Dinner
LD_EGG_CURRY_BHURJI,Egg bhurji roti,egg,Lunch/Dinner
LD_EGG_CURRY_BHURJI,Egg masala,egg,Lunch/Dinner
LD_EGG_CURRY_BHURJI,Anda ghotala,egg,Lunch/Dinner
LD_EGG_CURRY_BHURJI,Egg korma,egg,Lunch/Dinner
LD_EGG_CURRY_BHURJI,Egg pepper fry,egg,Lunch/Dinner
LD_EGG_CURRY_BHURJI,Egg tadka dal,egg,Lunch/Dinner
LD_EGG_CURRY_BHURJI,Egg paratha meal,egg,Lunch/Dinner
LD_EGG_RICE_MEAL,Egg fried rice,egg,Lunch/Dinner
LD_EGG_RICE_MEAL,Egg pulao,egg,Lunch/Dinner
LD_EGG_RICE_MEAL,Egg biryani,egg,Lunch/Dinner
LD_EGG_RICE_MEAL,Anda rice,egg,Lunch/Dinner
LD_EGG_RICE_MEAL,Egg tomato rice,egg,Lunch/Dinner
LD_EGG_RICE_MEAL,Egg khichdi,egg,Lunch/Dinner
LD_EGG_RICE_MEAL,Egg curry rice bowl,egg,Lunch/Dinner
LD_EGG_RICE_MEAL,Egg noodles,egg,Lunch/Dinner
LD_CHICKEN_HOME_CURRY,Chicken curry rice,nonveg,Lunch/Dinner
LD_CHICKEN_HOME_CURRY,Chicken masala roti,nonveg,Lunch/Dinner
LD_CHICKEN_HOME_CURRY,Kosha chicken,nonveg,Lunch/Dinner
LD_CHICKEN_HOME_CURRY,Andhra chicken curry,nonveg,Lunch/Dinner
LD_CHICKEN_HOME_CURRY,Chettinad chicken,nonveg,Lunch/Dinner
LD_CHICKEN_HOME_CURRY,Kori gassi,nonveg,Lunch/Dinner
LD_CHICKEN_HOME_CURRY,Chicken korma home,nonveg,Lunch/Dinner
LD_CHICKEN_HOME_CURRY,Chicken stew,nonveg,Lunch/Dinner
LD_CHICKEN_DRY_FRY,Chicken fry,nonveg,Lunch/Dinner
LD_CHICKEN_DRY_FRY,Chicken sukka,nonveg,Lunch/Dinner
LD_CHICKEN_DRY_FRY,Chicken roast,nonveg,Lunch/Dinner
LD_CHICKEN_DRY_FRY,Pepper chicken,nonveg,Lunch/Dinner
LD_CHICKEN_DRY_FRY,Chicken 65,nonveg,Lunch/Dinner
LD_CHICKEN_DRY_FRY,Tandoori chicken roti,nonveg,Lunch/Dinner
LD_CHICKEN_DRY_FRY,Chicken tikka plate,nonveg,Lunch/Dinner
LD_CHICKEN_DRY_FRY,Koliwada chicken,nonveg,Lunch/Dinner
LD_CHICKEN_BIRYANI_PULAO,Chicken biryani,nonveg,Lunch/Dinner
LD_CHICKEN_BIRYANI_PULAO,Hyderabadi chicken biryani,nonveg,Lunch/Dinner
LD_CHICKEN_BIRYANI_PULAO,Kolkata chicken biryani,nonveg,Lunch/Dinner
LD_CHICKEN_BIRYANI_PULAO,Chicken pulao,nonveg,Lunch/Dinner
LD_CHICKEN_BIRYANI_PULAO,Ambur biryani,nonveg,Lunch/Dinner
LD_CHICKEN_BIRYANI_PULAO,Thalassery chicken biryani,nonveg,Lunch/Dinner
LD_CHICKEN_BIRYANI_PULAO,Lucknowi chicken biryani,nonveg,Lunch/Dinner
LD_CHICKEN_BIRYANI_PULAO,Tehri chicken,nonveg,Lunch/Dinner
LD_MUTTON_SUNDAY_CURRY,Mutton curry,nonveg,Lunch/Dinner
LD_MUTTON_SUNDAY_CURRY,Rogan josh,nonveg,Lunch/Dinner
LD_MUTTON_SUNDAY_CURRY,Mutton kosha,nonveg,Lunch/Dinner
LD_MUTTON_SUNDAY_CURRY,Laal maas,nonveg,Lunch/Dinner
LD_MUTTON_SUNDAY_CURRY,Mutton sukka,nonveg,Lunch/Dinner
LD_MUTTON_SUNDAY_CURRY,Mutton biryani,nonveg,Lunch/Dinner
LD_MUTTON_SUNDAY_CURRY,Mutton yakhni,nonveg,Lunch/Dinner
LD_MUTTON_SUNDAY_CURRY,Goat curry rice,nonveg,Lunch/Dinner
LD_FISH_CURRY_RICE,Fish curry rice,nonveg,Lunch/Dinner
LD_FISH_CURRY_RICE,Meen curry rice,nonveg,Lunch/Dinner
LD_FISH_CURRY_RICE,Machher jhol,nonveg,Lunch/Dinner
LD_FISH_CURRY_RICE,Goan fish curry,nonveg,Lunch/Dinner
LD_FISH_CURRY_RICE,Assamese tenga fish,nonveg,Lunch/Dinner
LD_FISH_CURRY_RICE,Andhra fish pulusu,nonveg,Lunch/Dinner
LD_FISH_CURRY_RICE,Konkani fish curry,nonveg,Lunch/Dinner
LD_FISH_CURRY_RICE,Kerala fish curry,nonveg,Lunch/Dinner
LD_FISH_FRY_MEAL,Pomfret fry,nonveg,Lunch/Dinner
LD_FISH_FRY_MEAL,Surmai fry,nonveg,Lunch/Dinner
LD_FISH_FRY_MEAL,Bangda fry,nonveg,Lunch/Dinner
LD_FISH_FRY_MEAL,Rohu fry,nonveg,Lunch/Dinner
LD_FISH_FRY_MEAL,Bombil fry,nonveg,Lunch/Dinner
LD_FISH_FRY_MEAL,Nethili fry,nonveg,Lunch/Dinner
LD_FISH_FRY_MEAL,Karimeen fry,nonveg,Lunch/Dinner
LD_FISH_FRY_MEAL,Fish rawa fry,nonveg,Lunch/Dinner
LD_PRAWN_CRAB_COASTAL,Prawn curry,nonveg,Lunch/Dinner
LD_PRAWN_CRAB_COASTAL,Prawn fry,nonveg,Lunch/Dinner
LD_PRAWN_CRAB_COASTAL,Crab curry,nonveg,Lunch/Dinner
LD_PRAWN_CRAB_COASTAL,Prawn pulao,nonveg,Lunch/Dinner
LD_PRAWN_CRAB_COASTAL,Goan prawn curry,nonveg,Lunch/Dinner
LD_PRAWN_CRAB_COASTAL,Chemmeen curry,nonveg,Lunch/Dinner
LD_PRAWN_CRAB_COASTAL,Koliwada prawns,nonveg,Lunch/Dinner
LD_PRAWN_CRAB_COASTAL,Crab masala rice,nonveg,Lunch/Dinner
LD_KERALA_MEAT_STEW_ROAST,Chicken stew appam,nonveg,Lunch/Dinner
LD_KERALA_MEAT_STEW_ROAST,Beef roast community-specific,nonveg,Lunch/Dinner
LD_KERALA_MEAT_STEW_ROAST,Mutton stew,nonveg,Lunch/Dinner
LD_KERALA_MEAT_STEW_ROAST,Erachi curry,nonveg,Lunch/Dinner
LD_KERALA_MEAT_STEW_ROAST,Malabar chicken curry,nonveg,Lunch/Dinner
LD_KERALA_MEAT_STEW_ROAST,Duck roast,nonveg,Lunch/Dinner
LD_KERALA_MEAT_STEW_ROAST,Meat cutlet meal,nonveg,Lunch/Dinner
LD_KERALA_MEAT_STEW_ROAST,Chicken varutharachathu,nonveg,Lunch/Dinner
LD_BENGALI_FISH_MEAL,Rohu jhol,nonveg,Lunch/Dinner
LD_BENGALI_FISH_MEAL,Katla kalia,nonveg,Lunch/Dinner
LD_BENGALI_FISH_MEAL,Ilish bhapa,nonveg,Lunch/Dinner
LD_BENGALI_FISH_MEAL,Chingri malai curry,nonveg,Lunch/Dinner
LD_BENGALI_FISH_MEAL,Macher jhol,nonveg,Lunch/Dinner
LD_BENGALI_FISH_MEAL,Doi maach,nonveg,Lunch/Dinner
LD_BENGALI_FISH_MEAL,Pabda jhal,nonveg,Lunch/Dinner
LD_BENGALI_FISH_MEAL,Fish fry dal bhaat,nonveg,Lunch/Dinner
LD_ODIA_FISH_PAKHALA,Machha besara,nonveg,Lunch/Dinner
LD_ODIA_FISH_PAKHALA,Fish pakhala,nonveg,Lunch/Dinner
LD_ODIA_FISH_PAKHALA,Rohu curry rice,nonveg,Lunch/Dinner
LD_ODIA_FISH_PAKHALA,Chingudi jhola,nonveg,Lunch/Dinner
LD_ODIA_FISH_PAKHALA,Fish fry pakhala,nonveg,Lunch/Dinner
LD_ODIA_FISH_PAKHALA,Crab curry rice,nonveg,Lunch/Dinner
LD_ODIA_FISH_PAKHALA,Fish dalma side,nonveg,Lunch/Dinner
LD_ODIA_FISH_PAKHALA,Dry fish chutney rice,nonveg,Lunch/Dinner
LD_GOAN_XACUTI_CURRY,Goan fish curry,nonveg,Lunch/Dinner
LD_GOAN_XACUTI_CURRY,Chicken xacuti,nonveg,Lunch/Dinner
LD_GOAN_XACUTI_CURRY,Prawn balchao,nonveg,Lunch/Dinner
LD_GOAN_XACUTI_CURRY,Sorpotel community-specific,nonveg,Lunch/Dinner
LD_GOAN_XACUTI_CURRY,Pork vindaloo community-specific,nonveg,Lunch/Dinner
LD_GOAN_XACUTI_CURRY,Fish recheado,nonveg,Lunch/Dinner
LD_GOAN_XACUTI_CURRY,Crab xec xec,nonveg,Lunch/Dinner
LD_GOAN_XACUTI_CURRY,Ros omelette meal,nonveg,Lunch/Dinner
LD_NORTHEAST_SMOKED_PORK_MEAT,Smoked pork bamboo shoot,nonveg,Lunch/Dinner
LD_NORTHEAST_SMOKED_PORK_MEAT,Pork axone,nonveg,Lunch/Dinner
LD_NORTHEAST_SMOKED_PORK_MEAT,Eromba with fish,nonveg,Lunch/Dinner
LD_NORTHEAST_SMOKED_PORK_MEAT,Chicken bamboo shoot,nonveg,Lunch/Dinner
LD_NORTHEAST_SMOKED_PORK_MEAT,Pork rice meal,nonveg,Lunch/Dinner
LD_NORTHEAST_SMOKED_PORK_MEAT,Smoked meat stew,nonveg,Lunch/Dinner
LD_NORTHEAST_SMOKED_PORK_MEAT,Naga pork curry,nonveg,Lunch/Dinner
LD_NORTHEAST_SMOKED_PORK_MEAT,Mizo bai with meat,nonveg,Lunch/Dinner
LD_COMMUNITY_RED_MEAT,Beef curry community-specific,nonveg,Lunch/Dinner
LD_COMMUNITY_RED_MEAT,Pork curry community-specific,nonveg,Lunch/Dinner
LD_COMMUNITY_RED_MEAT,Buff fry community-specific,nonveg,Lunch/Dinner
LD_COMMUNITY_RED_MEAT,Pork vindaloo community-specific,nonveg,Lunch/Dinner
LD_COMMUNITY_RED_MEAT,Beef roast community-specific,nonveg,Lunch/Dinner
LD_COMMUNITY_RED_MEAT,Buff sukka community-specific,nonveg,Lunch/Dinner
LD_COMMUNITY_RED_MEAT,Meat stew community-specific,nonveg,Lunch/Dinner
LD_COMMUNITY_RED_MEAT,Dry meat chutney,nonveg,Lunch/Dinner
LD_TANDOORI_GRILL_NONVEG,Tandoori chicken,nonveg,Lunch/Dinner
LD_TANDOORI_GRILL_NONVEG,Chicken tikka roti,nonveg,Lunch/Dinner
LD_TANDOORI_GRILL_NONVEG,Fish tikka,nonveg,Lunch/Dinner
LD_TANDOORI_GRILL_NONVEG,Grilled chicken salad,nonveg,Lunch/Dinner
LD_TANDOORI_GRILL_NONVEG,Tangdi kabab,nonveg,Lunch/Dinner
LD_TANDOORI_GRILL_NONVEG,Afghani chicken,nonveg,Lunch/Dinner
LD_TANDOORI_GRILL_NONVEG,Tandoori fish,nonveg,Lunch/Dinner
LD_TANDOORI_GRILL_NONVEG,Seekh kabab meal,nonveg,Lunch/Dinner
LD_HOME_STYLE_KEEMA,Mutton keema roti,nonveg,Lunch/Dinner
LD_HOME_STYLE_KEEMA,Chicken keema rice,nonveg,Lunch/Dinner
LD_HOME_STYLE_KEEMA,Egg keema,nonveg,Lunch/Dinner
LD_HOME_STYLE_KEEMA,Keema pav,nonveg,Lunch/Dinner
LD_HOME_STYLE_KEEMA,Keema matar,nonveg,Lunch/Dinner
LD_HOME_STYLE_KEEMA,Soya keema veg,nonveg,Lunch/Dinner
LD_HOME_STYLE_KEEMA,Keema paratha meal,nonveg,Lunch/Dinner
LD_HOME_STYLE_KEEMA,Keema pulao,nonveg,Lunch/Dinner
LD_NONVEG_LIGHT_SOUP_STEW,Chicken soup,nonveg,Lunch/Dinner
LD_NONVEG_LIGHT_SOUP_STEW,Fish stew,nonveg,Lunch/Dinner
LD_NONVEG_LIGHT_SOUP_STEW,Chicken clear soup,nonveg,Lunch/Dinner
LD_NONVEG_LIGHT_SOUP_STEW,Chicken dalia,nonveg,Lunch/Dinner
LD_NONVEG_LIGHT_SOUP_STEW,Light fish curry rice,nonveg,Lunch/Dinner
LD_NONVEG_LIGHT_SOUP_STEW,Chicken vegetable stew,nonveg,Lunch/Dinner
LD_NONVEG_LIGHT_SOUP_STEW,Bone broth community-specific,nonveg,Lunch/Dinner
LD_NONVEG_LIGHT_SOUP_STEW,Pepper chicken soup,nonveg,Lunch/Dinner
LD_MUSLIM_BIRYANI_KORMA,Mutton biryani,nonveg,Lunch/Dinner
LD_MUSLIM_BIRYANI_KORMA,Chicken biryani,nonveg,Lunch/Dinner
LD_MUSLIM_BIRYANI_KORMA,Mutton korma,nonveg,Lunch/Dinner
LD_MUSLIM_BIRYANI_KORMA,Nihari,nonveg,Lunch/Dinner
LD_MUSLIM_BIRYANI_KORMA,Haleem,nonveg,Lunch/Dinner
LD_MUSLIM_BIRYANI_KORMA,Kebabs with roti,nonveg,Lunch/Dinner
LD_MUSLIM_BIRYANI_KORMA,Yakhni pulao,nonveg,Lunch/Dinner
LD_MUSLIM_BIRYANI_KORMA,Keema roti,nonveg,Lunch/Dinner
LD_SUNDAY_OUTSIDE_NONVEG,Chicken biryani order,nonveg,Lunch/Dinner
LD_SUNDAY_OUTSIDE_NONVEG,Tandoori chicken order,nonveg,Lunch/Dinner
LD_SUNDAY_OUTSIDE_NONVEG,Mutton curry order,nonveg,Lunch/Dinner
LD_SUNDAY_OUTSIDE_NONVEG,Fish thali outside,nonveg,Lunch/Dinner
LD_SUNDAY_OUTSIDE_NONVEG,Kebab roll,nonveg,Lunch/Dinner
LD_SUNDAY_OUTSIDE_NONVEG,Chicken fried rice,nonveg,Lunch/Dinner
LD_SUNDAY_OUTSIDE_NONVEG,Seafood thali,nonveg,Lunch/Dinner
LD_SUNDAY_OUTSIDE_NONVEG,Butter chicken naan,nonveg,Lunch/Dinner
SN_TEA_BISCUIT_RUSK,Chai biscuit,veg,Snack
SN_TEA_BISCUIT_RUSK,Rusk chai,veg,Snack
SN_TEA_BISCUIT_RUSK,Marie biscuit,veg,Snack
SN_TEA_BISCUIT_RUSK,Khari biscuit,veg,Snack
SN_TEA_BISCUIT_RUSK,Toast chai,veg,Snack
SN_TEA_BISCUIT_RUSK,Mathri chai,veg,Snack
SN_TEA_BISCUIT_RUSK,Cream cracker,veg,Snack
SN_TEA_BISCUIT_RUSK,Bread butter chai,veg,Snack
SN_NAMKEEN_CHIVDA,Poha chivda,veg,Snack
SN_NAMKEEN_CHIVDA,Bhujia,veg,Snack
SN_NAMKEEN_CHIVDA,Sev murmura,veg,Snack
SN_NAMKEEN_CHIVDA,Mixture,veg,Snack
SN_NAMKEEN_CHIVDA,Farsan,veg,Snack
SN_NAMKEEN_CHIVDA,Roasted makhana namkeen,veg,Snack
SN_NAMKEEN_CHIVDA,Peanut chivda,veg,Snack
SN_NAMKEEN_CHIVDA,Khakhra bites,veg,Snack
SN_STREET_CHAAT,Bhel puri,veg,Snack
SN_STREET_CHAAT,Pani puri,veg,Snack
SN_STREET_CHAAT,Sev puri,veg,Snack
SN_STREET_CHAAT,Aloo tikki chaat,veg,Snack
SN_STREET_CHAAT,Dahi puri,veg,Snack
SN_STREET_CHAAT,Papdi chaat,veg,Snack
SN_STREET_CHAAT,Dahi vada,veg,Snack
SN_STREET_CHAAT,Ragda pattice,veg,Snack
SN_FRIED_PAKORA_SAMOSA,Samosa,veg,Snack
SN_FRIED_PAKORA_SAMOSA,Aloo pakora,veg,Snack
SN_FRIED_PAKORA_SAMOSA,Onion pakora,veg,Snack
SN_FRIED_PAKORA_SAMOSA,Mirchi bhajji,veg,Snack
SN_FRIED_PAKORA_SAMOSA,Bread pakora,veg,Snack
SN_FRIED_PAKORA_SAMOSA,Kachori snack,veg,Snack
SN_FRIED_PAKORA_SAMOSA,Vada pav,veg,Snack
SN_FRIED_PAKORA_SAMOSA,Banana chips,veg,Snack
SN_STEAMED_SNACK,Dhokla,veg,Snack
SN_STEAMED_SNACK,Idli podi,veg,Snack
SN_STEAMED_SNACK,Veg momos,veg,Snack
SN_STEAMED_SNACK,Kozhukattai,veg,Snack
SN_STEAMED_SNACK,Patra steamed,veg,Snack
SN_STEAMED_SNACK,Khandvi,veg,Snack
SN_STEAMED_SNACK,Pitha,veg,Snack
SN_STEAMED_SNACK,Muthia,veg,Snack
SN_FRUIT_CHAAT,Fruit chaat,veg,Snack
SN_FRUIT_CHAAT,Papaya bowl,veg,Snack
SN_FRUIT_CHAAT,Banana peanut,veg,Snack
SN_FRUIT_CHAAT,Apple slices,veg,Snack
SN_FRUIT_CHAAT,Guava chaat,veg,Snack
SN_FRUIT_CHAAT,Orange bowl,veg,Snack
SN_FRUIT_CHAAT,Pomegranate curd,veg,Snack
SN_FRUIT_CHAAT,Seasonal fruit plate,veg,Snack
SN_ROASTED_CHANA_NUTS,Roasted chana,veg,Snack
SN_ROASTED_CHANA_NUTS,Peanuts,veg,Snack
SN_ROASTED_CHANA_NUTS,Makhana roasted,veg,Snack
SN_ROASTED_CHANA_NUTS,Chana jor,veg,Snack
SN_ROASTED_CHANA_NUTS,Dry fruit mix,veg,Snack
SN_ROASTED_CHANA_NUTS,Roasted soy nuts,veg,Snack
SN_ROASTED_CHANA_NUTS,Masala peanuts,veg,Snack
SN_ROASTED_CHANA_NUTS,Sprout bhel,veg,Snack
SN_CURD_CHAAS_LASSI,Chaas,veg,Snack
SN_CURD_CHAAS_LASSI,Lassi,veg,Snack
SN_CURD_CHAAS_LASSI,Sweet lassi,veg,Snack
SN_CURD_CHAAS_LASSI,Masala buttermilk,veg,Snack
SN_CURD_CHAAS_LASSI,Curd bowl,veg,Snack
SN_CURD_CHAAS_LASSI,Dahi chana,veg,Snack
SN_CURD_CHAAS_LASSI,Mattha,veg,Snack
SN_CURD_CHAAS_LASSI,Solkadhi,veg,Snack
SN_KIDS_TIFFIN_SNACK,Mini sandwich,veg,Snack
SN_KIDS_TIFFIN_SNACK,Paneer roll,veg,Snack
SN_KIDS_TIFFIN_SNACK,Cheese toast,veg,Snack
SN_KIDS_TIFFIN_SNACK,Dosa roll,veg,Snack
SN_KIDS_TIFFIN_SNACK,Idli bites,veg,Snack
SN_KIDS_TIFFIN_SNACK,Fruit curd,veg,Snack
SN_KIDS_TIFFIN_SNACK,Poha cutlet,veg,Snack
SN_KIDS_TIFFIN_SNACK,Corn chaat,veg,Snack
SN_EGG_SNACK,Boiled egg,egg,Snack
SN_EGG_SNACK,Egg toast,egg,Snack
SN_EGG_SNACK,Egg roll mini,egg,Snack
SN_EGG_SNACK,Masala omelette snack,egg,Snack
SN_EGG_SNACK,Egg chaat,egg,Snack
SN_EGG_SNACK,Deviled egg Indian,egg,Snack
SN_EGG_SNACK,Egg bhurji pav,egg,Snack
SN_EGG_SNACK,Egg sandwich,egg,Snack
SN_NONVEG_SNACK,Chicken tikka,nonveg,Snack
SN_NONVEG_SNACK,Fish fry snack,nonveg,Snack
SN_NONVEG_SNACK,Chicken pakora,nonveg,Snack
SN_NONVEG_SNACK,Chicken roll,nonveg,Snack
SN_NONVEG_SNACK,Mutton cutlet,nonveg,Snack
SN_NONVEG_SNACK,Prawn fry,nonveg,Snack
SN_NONVEG_SNACK,Kebab snack,nonveg,Snack
SN_NONVEG_SNACK,Chicken momos,nonveg,Snack
SN_HEALTHY_PROTEIN_SNACK,Paneer cubes,mixed,Snack
SN_HEALTHY_PROTEIN_SNACK,Greek curd bowl,mixed,Snack
SN_HEALTHY_PROTEIN_SNACK,Sprouts chaat,mixed,Snack
SN_HEALTHY_PROTEIN_SNACK,Egg whites if eaten,mixed,Snack
SN_HEALTHY_PROTEIN_SNACK,Chana salad,mixed,Snack
SN_HEALTHY_PROTEIN_SNACK,Tofu cubes,mixed,Snack
SN_HEALTHY_PROTEIN_SNACK,Chicken salad mini,mixed,Snack
SN_HEALTHY_PROTEIN_SNACK,Roasted soy nuts,mixed,Snack
SN_SWEET_REGIONAL,Gulab jamun,veg,Snack
SN_SWEET_REGIONAL,Rasgulla,veg,Snack
SN_SWEET_REGIONAL,Payasam,veg,Snack
SN_SWEET_REGIONAL,Sheera,veg,Snack
SN_SWEET_REGIONAL,Shrikhand,veg,Snack
SN_SWEET_REGIONAL,Puran poli piece,veg,Snack
SN_SWEET_REGIONAL,Mysore pak,veg,Snack
SN_SWEET_REGIONAL,Modak,veg,Snack
SN_FASTING_SNACK,Makhana,veg,Snack
SN_FASTING_SNACK,Sabudana vada,veg,Snack
SN_FASTING_SNACK,Fruit curd,veg,Snack
SN_FASTING_SNACK,Peanut laddoo,veg,Snack
SN_FASTING_SNACK,Rajgira chikki,veg,Snack
SN_FASTING_SNACK,Sweet potato chaat,veg,Snack
SN_FASTING_SNACK,Banana chips vrat,veg,Snack
SN_FASTING_SNACK,Samak tikki,veg,Snack
SN_MOMO_NOODLES_SNACK,Veg momos,mixed,Snack
SN_MOMO_NOODLES_SNACK,Chicken momos,mixed,Snack
SN_MOMO_NOODLES_SNACK,Hakka noodles snack,mixed,Snack
SN_MOMO_NOODLES_SNACK,Maggi,mixed,Snack
SN_MOMO_NOODLES_SNACK,Schezwan noodles,mixed,Snack
SN_MOMO_NOODLES_SNACK,Thukpa cup,mixed,Snack
SN_MOMO_NOODLES_SNACK,Momos soup,mixed,Snack
SN_MOMO_NOODLES_SNACK,Chowmein,mixed,Snack
SN_LEFTOVER_ROLL,Roti roll,veg,Snack
SN_LEFTOVER_ROLL,Sabzi sandwich,veg,Snack
SN_LEFTOVER_ROLL,Dal cheela leftover,veg,Snack
SN_LEFTOVER_ROLL,Paratha wrap,veg,Snack
SN_LEFTOVER_ROLL,Rice cutlet,veg,Snack
SN_LEFTOVER_ROLL,Chapati chips,veg,Snack
SN_LEFTOVER_ROLL,Bhaji pav from sabzi,veg,Snack
SN_LEFTOVER_ROLL,Curd rice cup,veg,Snack
SN_SOUTH_TIFFIN_SNACK,Medu vada,veg,Snack
SN_SOUTH_TIFFIN_SNACK,Mini idli,veg,Snack
SN_SOUTH_TIFFIN_SNACK,Upma snack,veg,Snack
SN_SOUTH_TIFFIN_SNACK,Bonda,veg,Snack
SN_SOUTH_TIFFIN_SNACK,Sundal,veg,Snack
SN_SOUTH_TIFFIN_SNACK,Paniyaram,veg,Snack
SN_SOUTH_TIFFIN_SNACK,Adai mini,veg,Snack
SN_SOUTH_TIFFIN_SNACK,Murukku,veg,Snack
SN_BAKERY_CAFE,Veg puff,mixed,Snack
SN_BAKERY_CAFE,Chicken puff,mixed,Snack
SN_BAKERY_CAFE,Muffin,mixed,Snack
SN_BAKERY_CAFE,Croissant,mixed,Snack
SN_BAKERY_CAFE,Garlic bread,mixed,Snack
SN_BAKERY_CAFE,Cafe sandwich,mixed,Snack
SN_BAKERY_CAFE,Bun maska,mixed,Snack
SN_BAKERY_CAFE,Tea cake,mixed,Snack
SN_NORTHEAST_SNACK,Momos,mixed,Snack
SN_NORTHEAST_SNACK,Chowmein,mixed,Snack
SN_NORTHEAST_SNACK,Rice cake,mixed,Snack
SN_NORTHEAST_SNACK,Pitha,mixed,Snack
SN_NORTHEAST_SNACK,Smoked meat snack,mixed,Snack
SN_NORTHEAST_SNACK,Black rice pudding,mixed,Snack
SN_NORTHEAST_SNACK,Bamboo shoot pickle rice,mixed,Snack
SN_NORTHEAST_SNACK,Singju,mixed,Snack
SN_MILLET_HEALTH_SNACK,Ragi malt,veg,Snack
SN_MILLET_HEALTH_SNACK,Jowar puffs,veg,Snack
SN_MILLET_HEALTH_SNACK,Bajra khakhra,veg,Snack
SN_MILLET_HEALTH_SNACK,Millet laddoo,veg,Snack
SN_MILLET_HEALTH_SNACK,Ragi dosa mini,veg,Snack
SN_MILLET_HEALTH_SNACK,Ragi crackers,veg,Snack
SN_MILLET_HEALTH_SNACK,Millet upma cup,veg,Snack
SN_MILLET_HEALTH_SNACK,Rajgira chikki,veg,Snack
SN_OFFICE_PANTRY,Tea biscuit,veg,Snack
SN_OFFICE_PANTRY,Banana,veg,Snack
SN_OFFICE_PANTRY,Roasted chana,veg,Snack
SN_OFFICE_PANTRY,Peanuts,veg,Snack
SN_OFFICE_PANTRY,Makhana,veg,Snack
SN_OFFICE_PANTRY,Fruit bowl,veg,Snack
SN_OFFICE_PANTRY,Khakhra,veg,Snack
SN_OFFICE_PANTRY,Protein curd cup,veg,Snack
SN_LATE_NIGHT_LIGHT,Milk,veg,Snack
SN_LATE_NIGHT_LIGHT,Banana,veg,Snack
SN_LATE_NIGHT_LIGHT,Makhana,veg,Snack
SN_LATE_NIGHT_LIGHT,Curd,veg,Snack
SN_LATE_NIGHT_LIGHT,Toast,veg,Snack
SN_LATE_NIGHT_LIGHT,Fruit bowl,veg,Snack
SN_LATE_NIGHT_LIGHT,Herbal tea nuts,veg,Snack
SN_LATE_NIGHT_LIGHT,Small poha,veg,Snack
DN_LIGHT_ROTI_SABZI,Roti bhindi,veg,Dinner
DN_LIGHT_ROTI_SABZI,Roti lauki,veg,Dinner
DN_LIGHT_ROTI_SABZI,Roti beans,veg,Dinner
DN_LIGHT_ROTI_SABZI,Roti cabbage,veg,Dinner
DN_LIGHT_ROTI_SABZI,Roti palak,veg,Dinner
DN_LIGHT_ROTI_SABZI,Roti tinda,veg,Dinner
DN_LIGHT_ROTI_SABZI,Roti turai,veg,Dinner
DN_LIGHT_ROTI_SABZI,Roti mixed veg,veg,Dinner
DN_LIGHT_DAL_RICE,Moong dal rice,veg,Dinner
DN_LIGHT_DAL_RICE,Varan bhaat,veg,Dinner
DN_LIGHT_DAL_RICE,Masoor dal rice,veg,Dinner
DN_LIGHT_DAL_RICE,Dal soup rice,veg,Dinner
DN_LIGHT_DAL_RICE,Dal palak rice,veg,Dinner
DN_LIGHT_DAL_RICE,Dal khichdi,veg,Dinner
DN_LIGHT_DAL_RICE,Dal chawal curd,veg,Dinner
DN_LIGHT_DAL_RICE,Thin dal rice,veg,Dinner
DN_KHICHDI_SOUP,Moong khichdi,veg,Dinner
DN_KHICHDI_SOUP,Dalia soup,veg,Dinner
DN_KHICHDI_SOUP,Vegetable soup,veg,Dinner
DN_KHICHDI_SOUP,Palak soup dal,veg,Dinner
DN_KHICHDI_SOUP,Rasam rice,veg,Dinner
DN_KHICHDI_SOUP,Curd khichdi,veg,Dinner
DN_KHICHDI_SOUP,Millet khichdi,veg,Dinner
DN_KHICHDI_SOUP,Lauki soup,veg,Dinner
DN_CURD_RICE_LIGHT,Curd rice,veg,Dinner
DN_CURD_RICE_LIGHT,Mosaranna,veg,Dinner
DN_CURD_RICE_LIGHT,Dahi rice,veg,Dinner
DN_CURD_RICE_LIGHT,Tempered curd rice,veg,Dinner
DN_CURD_RICE_LIGHT,Curd rice pickle,veg,Dinner
DN_CURD_RICE_LIGHT,Pomegranate curd rice,veg,Dinner
DN_CURD_RICE_LIGHT,Millet curd rice,veg,Dinner
DN_CURD_RICE_LIGHT,Bagala bath,veg,Dinner
DN_GRILLED_TIKKA_BOWL,Paneer tikka bowl,mixed,Dinner
DN_GRILLED_TIKKA_BOWL,Chicken tikka bowl,mixed,Dinner
DN_GRILLED_TIKKA_BOWL,Fish tikka salad,mixed,Dinner
DN_GRILLED_TIKKA_BOWL,Tofu tikka bowl,mixed,Dinner
DN_GRILLED_TIKKA_BOWL,Soya tikka bowl,mixed,Dinner
DN_GRILLED_TIKKA_BOWL,Egg salad bowl,mixed,Dinner
DN_GRILLED_TIKKA_BOWL,Tandoori chicken salad,mixed,Dinner
DN_GRILLED_TIKKA_BOWL,Paneer millet bowl,mixed,Dinner
DN_LEFTOVER_THALI,Leftover dal roti,veg,Dinner
DN_LEFTOVER_THALI,Sabzi roll dinner,veg,Dinner
DN_LEFTOVER_THALI,Rice curd dinner,veg,Dinner
DN_LEFTOVER_THALI,Dal paratha,veg,Dinner
DN_LEFTOVER_THALI,Leftover pulao raita,veg,Dinner
DN_LEFTOVER_THALI,Roti upma dinner,veg,Dinner
DN_LEFTOVER_THALI,Khichdi from dal rice,veg,Dinner
DN_LEFTOVER_THALI,Bhaji pav from sabzi,veg,Dinner
DN_FAMILY_COMFORT_MEAL,Dal roti sabzi,mixed,Dinner
DN_FAMILY_COMFORT_MEAL,Rajma rice,mixed,Dinner
DN_FAMILY_COMFORT_MEAL,Sambar rice,mixed,Dinner
DN_FAMILY_COMFORT_MEAL,Fish curry rice,mixed,Dinner
DN_FAMILY_COMFORT_MEAL,Chicken curry roti,mixed,Dinner
DN_FAMILY_COMFORT_MEAL,Paneer roti,mixed,Dinner
DN_FAMILY_COMFORT_MEAL,Khichdi kadhi,mixed,Dinner
DN_FAMILY_COMFORT_MEAL,Pulao raita,mixed,Dinner
DN_WEEKEND_INDULGENCE,Biryani dinner,mixed,Dinner
DN_WEEKEND_INDULGENCE,Paneer butter masala naan,mixed,Dinner
DN_WEEKEND_INDULGENCE,Butter chicken naan,mixed,Dinner
DN_WEEKEND_INDULGENCE,Pav bhaji,mixed,Dinner
DN_WEEKEND_INDULGENCE,Pizza night,mixed,Dinner
DN_WEEKEND_INDULGENCE,Chole bhature dinner,mixed,Dinner
DN_WEEKEND_INDULGENCE,Mutton curry dinner,mixed,Dinner
DN_WEEKEND_INDULGENCE,Fish thali,mixed,Dinner
DN_EARLY_ELDERLY_DINNER,Soft khichdi,veg,Dinner
DN_EARLY_ELDERLY_DINNER,Thin dal rice,veg,Dinner
DN_EARLY_ELDERLY_DINNER,Dalia,veg,Dinner
DN_EARLY_ELDERLY_DINNER,Idli sambar soft,veg,Dinner
DN_EARLY_ELDERLY_DINNER,Lauki soup,veg,Dinner
DN_EARLY_ELDERLY_DINNER,Curd rice,veg,Dinner
DN_EARLY_ELDERLY_DINNER,Moong dal chilla soft,veg,Dinner
DN_EARLY_ELDERLY_DINNER,Vegetable stew,veg,Dinner
DN_CHILD_FRIENDLY_DINNER,Mild pulao,veg,Dinner
DN_CHILD_FRIENDLY_DINNER,Mini paratha curd,veg,Dinner
DN_CHILD_FRIENDLY_DINNER,Dal rice ghee,veg,Dinner
DN_CHILD_FRIENDLY_DINNER,Paneer roll,veg,Dinner
DN_CHILD_FRIENDLY_DINNER,Soft dosa,veg,Dinner
DN_CHILD_FRIENDLY_DINNER,Khichdi,veg,Dinner
DN_CHILD_FRIENDLY_DINNER,Mild pasta,veg,Dinner
DN_CHILD_FRIENDLY_DINNER,Curd rice,veg,Dinner
DN_LOW_CARB_DINNER,Paneer salad,mixed,Dinner
DN_LOW_CARB_DINNER,Chicken soup salad,mixed,Dinner
DN_LOW_CARB_DINNER,Tofu stir fry,mixed,Dinner
DN_LOW_CARB_DINNER,Egg bhurji salad,mixed,Dinner
DN_LOW_CARB_DINNER,Fish stew vegetables,mixed,Dinner
DN_LOW_CARB_DINNER,Soya salad,mixed,Dinner
DN_LOW_CARB_DINNER,Dal soup paneer,mixed,Dinner
DN_LOW_CARB_DINNER,Sprouts paneer bowl,mixed,Dinner
DN_NONVEG_HOME_DINNER,Chicken curry roti,nonveg,Dinner
DN_NONVEG_HOME_DINNER,Fish curry rice,nonveg,Dinner
DN_NONVEG_HOME_DINNER,Egg curry rice,nonveg,Dinner
DN_NONVEG_HOME_DINNER,Chicken stew,nonveg,Dinner
DN_NONVEG_HOME_DINNER,Fish fry rice,nonveg,Dinner
DN_NONVEG_HOME_DINNER,Mutton curry dinner,nonveg,Dinner
DN_NONVEG_HOME_DINNER,Prawn curry rice,nonveg,Dinner
DN_NONVEG_HOME_DINNER,Keema roti,nonveg,Dinner
DN_ONE_POT_DINNER,Veg khichdi,mixed,Dinner
DN_ONE_POT_DINNER,Chicken pulao cooker,mixed,Dinner
DN_ONE_POT_DINNER,Egg rice,mixed,Dinner
DN_ONE_POT_DINNER,Sambar rice one-pot,mixed,Dinner
DN_ONE_POT_DINNER,Pulao raita,mixed,Dinner
DN_ONE_POT_DINNER,Dal dhokli,mixed,Dinner
DN_ONE_POT_DINNER,Tehri,mixed,Dinner
DN_ONE_POT_DINNER,Millet khichdi,mixed,Dinner
DN_FASTING_DINNER,Samak khichdi,veg,Dinner
DN_FASTING_DINNER,Kuttu roti aloo,veg,Dinner
DN_FASTING_DINNER,Sabudana khichdi,veg,Dinner
DN_FASTING_DINNER,Fruit curd,veg,Dinner
DN_FASTING_DINNER,Makhana curry,veg,Dinner
DN_FASTING_DINNER,Rajgira paratha,veg,Dinner
DN_FASTING_DINNER,Vrat kadhi,veg,Dinner
DN_FASTING_DINNER,Sweet potato chaat,veg,Dinner
DN_MILLET_LIGHT_DINNER,Ragi mudde sambar,veg,Dinner
DN_MILLET_LIGHT_DINNER,Bajra khichdi,veg,Dinner
DN_MILLET_LIGHT_DINNER,Jowar roti sabzi,veg,Dinner
DN_MILLET_LIGHT_DINNER,Millet upma,veg,Dinner
DN_MILLET_LIGHT_DINNER,Ragi kanji,veg,Dinner
DN_MILLET_LIGHT_DINNER,Bajra roti kadhi,veg,Dinner
DN_MILLET_LIGHT_DINNER,Kodo khichdi,veg,Dinner
DN_MILLET_LIGHT_DINNER,Ragi dosa dinner,veg,Dinner
