dish_name,meal_class_code,match_method
Aam Shrikhand,SN_SWEET_REGIONAL,unanimous_token_agreement
Aloo Bonda,SN_SOUTH_TIFFIN_SNACK,unanimous_token_agreement
Aloo Chaat,SN_STREET_CHAAT,unanimous_token_agreement
Aloo Puri,LD_FASTING_MAIN,unanimous_token_agreement
Aloo Sabzi (Delhi style),BF_PLAIN_FLATBREAD_SUBZI,unanimous_token_agreement
Aloo Tikki,SN_STREET_CHAAT,unanimous_token_agreement
Appam with Stew,BF_FERMENTED_CREPE_PAN,unanimous_token_agreement
Bai,LD_NORTHEAST_SMOKED_PORK_MEAT,unanimous_token_agreement
Begun Bhaja,LD_BENGALI_VEG_DAL_BHAAT,unanimous_token_agreement
Bisi Bele Bath Mix Veg,LD_WEEKEND_SPECIAL_REGIONAL,unanimous_token_agreement
Boiled Egg Chaat,SN_EGG_SNACK,unanimous_token_agreement
Burmese Samosa Soup,SN_FRIED_PAKORA_SAMOSA,unanimous_token_agreement
Chaat Papdi,SN_STREET_CHAAT,unanimous_token_agreement
Chai,SN_TEA_BISCUIT_RUSK,unanimous_token_agreement
Chicken Chettinad,LD_CHICKEN_HOME_CURRY,unanimous_token_agreement
Chicken Ghee Roast,LD_CHICKEN_DRY_FRY,unanimous_token_agreement
Chicken Korma,LD_CHICKEN_HOME_CURRY,unanimous_token_agreement
Chicken Korma (Mughlai),LD_CHICKEN_HOME_CURRY,unanimous_token_agreement
Chicken Malai Tikka,SN_NONVEG_SNACK,unanimous_token_agreement
Chilli Paneer,LD_INDO_CHINESE_MEAL,unanimous_token_agreement
Churma,LD_RAJASTHANI_DAL_BAATI,unanimous_token_agreement
Dal Baati,LD_RAJASTHANI_DAL_BAATI,unanimous_token_agreement
Egg Drop Soup,LD_RECOVERY_SOFT_PROTEIN,unanimous_token_agreement
Egg Roll,SN_EGG_SNACK,unanimous_token_agreement
Eromba,LD_NORTHEAST_SMOKED_PORK_MEAT,unanimous_token_agreement
Fried Momos,SN_NORTHEAST_SNACK,unanimous_token_agreement
Gongura Pachadi,LD_LEAFY_GREENS_SAAG,unanimous_token_agreement
Grilled Chicken,LD_TANDOORI_GRILL_NONVEG,unanimous_token_agreement
Gujarati Dal,LD_GUJARATI_THALI,unanimous_token_agreement
Hyderabadi Egg Biryani,LD_EGG_RICE_MEAL,unanimous_token_agreement
Hyderabadi Haleem,LD_MUSLIM_BIRYANI_KORMA,unanimous_token_agreement
Hyderabadi Keema Samosa,SN_FRIED_PAKORA_SAMOSA,unanimous_token_agreement
Hyderabadi Khichdi,DN_CHILD_FRIENDLY_DINNER,unanimous_token_agreement
Jeera Rice,LD_RICE_PULAO_VEG,unanimous_token_agreement
Kadai Paneer,LD_PANEER_RICH_GRAVY,unanimous_token_agreement
Kadala Curry,LD_COCONUT_VEG_STEW,unanimous_token_agreement
Keema Samosa,SN_FRIED_PAKORA_SAMOSA,unanimous_token_agreement
Kerala Prawn Curry,LD_PRAWN_CRAB_COASTAL,unanimous_token_agreement
Kolkata Chicken Roll,SN_NONVEG_SNACK,unanimous_token_agreement
Kuzhambu (Vathal),LD_KADHI_CURD_CURRY,unanimous_token_agreement
Luchi,BF_FRIED_FESTIVE,unanimous_token_agreement
Lucknowi Biryani,LD_CHICKEN_BIRYANI_PULAO,unanimous_token_agreement
Madra (Chana),LD_HIMALAYAN_THUKPA_MOMO,unanimous_token_agreement
Maggi Noodles,SN_MOMO_NOODLES_SNACK,unanimous_token_agreement
Makhaniya Lassi,SN_CURD_CHAAS_LASSI,unanimous_token_agreement
Malvani Mutton Curry,LD_MUTTON_SUNDAY_CURRY,unanimous_token_agreement
Manchurian (Veg),LD_INDO_CHINESE_MEAL,unanimous_token_agreement
Misal Pav,LD_WEEKEND_SPECIAL_REGIONAL,unanimous_token_agreement
Mix Veg,LD_MIXED_VEG_DRY,unanimous_token_agreement
Mutton Nihari,LD_MUSLIM_BIRYANI_KORMA,unanimous_token_agreement
Mutton Rogan Josh,LD_MUTTON_SUNDAY_CURRY,unanimous_token_agreement
Mysore Masala Dosa,BF_FERMENTED_CREPE_PAN,unanimous_token_agreement
Palada Payasam,SN_SWEET_REGIONAL,unanimous_token_agreement
Palak Paneer,LD_PANEER_HOME_DRY,unanimous_token_agreement
Paneer Chilli Dry,LD_INDO_CHINESE_MEAL,unanimous_token_agreement
Paneer Chilli Gravy,LD_INDO_CHINESE_MEAL,unanimous_token_agreement
Parotta (Kerala/Tamil),BF_PLAIN_FLATBREAD_SUBZI,unanimous_token_agreement
Pasanda,LD_PANEER_RICH_GRAVY,unanimous_token_agreement
Patra,SN_STEAMED_SNACK,unanimous_token_agreement
Pithla,LD_MAHARASHTRIAN_PITLA_BHAKRI,unanimous_token_agreement
Prawn Hakka Noodles,LD_INDO_CHINESE_MEAL,unanimous_token_agreement
Ros Omelette,LD_GOAN_XACUTI_CURRY,unanimous_token_agreement
Scrambled Eggs on Toast,SN_LATE_NIGHT_LIGHT,unanimous_token_agreement
Sheermal with Nihari,LD_MUSLIM_BIRYANI_KORMA,unanimous_token_agreement
Siddu,LD_HIMALAYAN_THUKPA_MOMO,unanimous_token_agreement
Smoked Pork with Bamboo Shoot,LD_NORTHEAST_SMOKED_PORK_MEAT,unanimous_token_agreement
Sorpotel,LD_GOAN_XACUTI_CURRY,unanimous_token_agreement
Tahiri,LD_RICE_PULAO_VEG,unanimous_token_agreement
Tandoori Momos,SN_NORTHEAST_SNACK,unanimous_token_agreement
Tandoori Roti,LD_CHICKEN_DRY_FRY,unanimous_token_agreement
Toast Sandwich,SN_LATE_NIGHT_LIGHT,unanimous_token_agreement
Ukdiche Modak,SN_SWEET_REGIONAL,unanimous_token_agreement
Xacuti (Chicken),LD_GOAN_XACUTI_CURRY,unanimous_token_agreement
