origin_state_ut,destination_group_code,destination_group_name,home_state_signature_weight,current_city_lifestyle_weight,national_modern_weight,overlay_meal_classes,planning_rule
Andhra Pradesh,HOME_STATE_TIER1,Home-state major city,0.7,0.2,0.1,BF_BREAD_MODERN_FAST|LD_MODERN_SALAD_BOWL|LD_OUTSIDE_DELIVERY_INDIAN|SN_BAKERY_CAFE,Use state signature with more delivery/modern breakfast.
Andhra Pradesh,HOME_STATE_TIER2,Home-state tier 2 city,0.8,0.15,0.05,BF_POHA_CHIVDA_LIGHT|LD_DAL_ROTI_SABZI|SN_TEA_BISCUIT_RUSK|DN_LIGHT_ROTI_SABZI,Use state signature strongly; lower delivery and more home food.
Andhra Pradesh,MUMBAI_PUNE,Mumbai/Pune/Thane/Navi Mumbai,0.55,0.3,0.15,BF_POHA_CHIVDA_LIGHT|LD_MAHARASHTRIAN_PITLA_BHAKRI|LD_MODERN_SALAD_BOWL|SN_STREET_CHAAT|DN_LIGHT_ROTI_SABZI,"Add poha, chaat/vada-pav, office lunch, health bowl; keep home-state dinner 3-4 days."
Andhra Pradesh,DELHI_NCR,Delhi NCR/Gurugram/Noida,0.55,0.3,0.15,BF_STUFFED_FLATBREAD|LD_RAJMA_CHOLE_LEGUME|LD_PANEER_RICH_GRAVY|LD_TANDOORI_GRILL_NONVEG|SN_STREET_CHAAT,Add paratha/chole/rajma/tandoori/delivery and North-style office eating.
Andhra Pradesh,BENGALURU_HYD_CHENNAI,Bengaluru/Hyderabad/Chennai,0.55,0.3,0.15,BF_FERMENTED_CREPE_PAN|BF_STEAMED_FERMENTED_LIGHT|LD_SOUTH_SAMBAR_RASAM|LD_CHICKEN_BIRYANI_PULAO|LD_MODERN_SALAD_BOWL,"Add idli/dosa, rice meals, biryani where nonveg, tech-city health/delivery."
Andhra Pradesh,KOLKATA_EAST,Kolkata/East metro,0.55,0.3,0.15,LD_BENGALI_VEG_DAL_BHAAT|LD_BENGALI_FISH_MEAL|SN_SWEET_REGIONAL|SN_STREET_CHAAT|BF_POHA_CHIVDA_LIGHT,"Add dal-bhaat-bhaja, fish if nonveg, sweets and chaats."
Andhra Pradesh,AHMEDABAD_SURAT,Ahmedabad/Surat/Vadodara,0.55,0.3,0.15,BF_JAIN_BREAKFAST|LD_GUJARATI_THALI|LD_JAIN_NO_ROOT_MAIN|SN_STEAMED_SNACK|SN_NAMKEEN_CHIVDA,Add Gujarati/Jain/veg snack-heavy pattern; nonveg not assumed unless explicit.
Andhra Pradesh,GOA_COASTAL,Goa/Kochi/Mangalore/coastal city,0.55,0.3,0.15,LD_FISH_CURRY_RICE|LD_COCONUT_VEG_STEW|LD_PRAWN_CRAB_COASTAL|BF_FERMENTED_CREPE_PAN|SN_NONVEG_SNACK,Add rice-fish/coastal coconut if nonveg; veg users get coconut stew/curd rice.
Andhra Pradesh,PAN_INDIA_PG_HOSTEL,PG/hostel/corporate relocation,0.45,0.25,0.3,BF_BREAD_MODERN_FAST|LD_ONE_POT_PRESSURE|LD_OUTSIDE_DELIVERY_INDIAN|SN_MOMO_NOODLES_SNACK|DN_ONE_POT_DINNER,Higher outside/one-pot/bread/noodles; ask kitchen access before recipes.
Arunachal Pradesh,HOME_STATE_TIER1,Home-state major city,0.7,0.2,0.1,BF_BREAD_MODERN_FAST|LD_MODERN_SALAD_BOWL|LD_OUTSIDE_DELIVERY_INDIAN|SN_BAKERY_CAFE,Use state signature with more delivery/modern breakfast.
Arunachal Pradesh,HOME_STATE_TIER2,Home-state tier 2 city,0.8,0.15,0.05,BF_POHA_CHIVDA_LIGHT|LD_DAL_ROTI_SABZI|SN_TEA_BISCUIT_RUSK|DN_LIGHT_ROTI_SABZI,Use state signature strongly; lower delivery and more home food.
Arunachal Pradesh,MUMBAI_PUNE,Mumbai/Pune/Thane/Navi Mumbai,0.55,0.3,0.15,BF_POHA_CHIVDA_LIGHT|LD_MAHARASHTRIAN_PITLA_BHAKRI|LD_MODERN_SALAD_BOWL|SN_STREET_CHAAT|DN_LIGHT_ROTI_SABZI,"Add poha, chaat/vada-pav, office lunch, health bowl; keep home-state dinner 3-4 days."
Arunachal Pradesh,DELHI_NCR,Delhi NCR/Gurugram/Noida,0.55,0.3,0.15,BF_STUFFED_FLATBREAD|LD_RAJMA_CHOLE_LEGUME|LD_PANEER_RICH_GRAVY|LD_TANDOORI_GRILL_NONVEG|SN_STREET_CHAAT,Add paratha/chole/rajma/tandoori/delivery and North-style office eating.
Arunachal Pradesh,BENGALURU_HYD_CHENNAI,Bengaluru/Hyderabad/Chennai,0.55,0.3,0.15,BF_FERMENTED_CREPE_PAN|BF_STEAMED_FERMENTED_LIGHT|LD_SOUTH_SAMBAR_RASAM|LD_CHICKEN_BIRYANI_PULAO|LD_MODERN_SALAD_BOWL,"Add idli/dosa, rice meals, biryani where nonveg, tech-city health/delivery."
Arunachal Pradesh,KOLKATA_EAST,Kolkata/East metro,0.55,0.3,0.15,LD_BENGALI_VEG_DAL_BHAAT|LD_BENGALI_FISH_MEAL|SN_SWEET_REGIONAL|SN_STREET_CHAAT|BF_POHA_CHIVDA_LIGHT,"Add dal-bhaat-bhaja, fish if nonveg, sweets and chaats."
Arunachal Pradesh,AHMEDABAD_SURAT,Ahmedabad/Surat/Vadodara,0.55,0.3,0.15,BF_JAIN_BREAKFAST|LD_GUJARATI_THALI|LD_JAIN_NO_ROOT_MAIN|SN_STEAMED_SNACK|SN_NAMKEEN_CHIVDA,Add Gujarati/Jain/veg snack-heavy pattern; nonveg not assumed unless explicit.
Arunachal Pradesh,GOA_COASTAL,Goa/Kochi/Mangalore/coastal city,0.55,0.3,0.15,LD_FISH_CURRY_RICE|LD_COCONUT_VEG_STEW|LD_PRAWN_CRAB_COASTAL|BF_FERMENTED_CREPE_PAN|SN_NONVEG_SNACK,Add rice-fish/coastal coconut if nonveg; veg users get coconut stew/curd rice.
Arunachal Pradesh,PAN_INDIA_PG_HOSTEL,PG/hostel/corporate relocation,0.45,0.25,0.3,BF_BREAD_MODERN_FAST|LD_ONE_POT_PRESSURE|LD_OUTSIDE_DELIVERY_INDIAN|SN_MOMO_NOODLES_SNACK|DN_ONE_POT_DINNER,Higher outside/one-pot/bread/noodles; ask kitchen access before recipes.
Assam,HOME_STATE_TIER1,Home-state major city,0.7,0.2,0.1,BF_BREAD_MODERN_FAST|LD_MODERN_SALAD_BOWL|LD_OUTSIDE_DELIVERY_INDIAN|SN_BAKERY_CAFE,Use state signature with more delivery/modern breakfast.
Assam,HOME_STATE_TIER2,Home-state tier 2 city,0.8,0.15,0.05,BF_POHA_CHIVDA_LIGHT|LD_DAL_ROTI_SABZI|SN_TEA_BISCUIT_RUSK|DN_LIGHT_ROTI_SABZI,Use state signature strongly; lower delivery and more home food.
Assam,MUMBAI_PUNE,Mumbai/Pune/Thane/Navi Mumbai,0.55,0.3,0.15,BF_POHA_CHIVDA_LIGHT|LD_MAHARASHTRIAN_PITLA_BHAKRI|LD_MODERN_SALAD_BOWL|SN_STREET_CHAAT|DN_LIGHT_ROTI_SABZI,"Add poha, chaat/vada-pav, office lunch, health bowl; keep home-state dinner 3-4 days."
Assam,DELHI_NCR,Delhi NCR/Gurugram/Noida,0.55,0.3,0.15,BF_STUFFED_FLATBREAD|LD_RAJMA_CHOLE_LEGUME|LD_PANEER_RICH_GRAVY|LD_TANDOORI_GRILL_NONVEG|SN_STREET_CHAAT,Add paratha/chole/rajma/tandoori/delivery and North-style office eating.
Assam,BENGALURU_HYD_CHENNAI,Bengaluru/Hyderabad/Chennai,0.55,0.3,0.15,BF_FERMENTED_CREPE_PAN|BF_STEAMED_FERMENTED_LIGHT|LD_SOUTH_SAMBAR_RASAM|LD_CHICKEN_BIRYANI_PULAO|LD_MODERN_SALAD_BOWL,"Add idli/dosa, rice meals, biryani where nonveg, tech-city health/delivery."
Assam,KOLKATA_EAST,Kolkata/East metro,0.55,0.3,0.15,LD_BENGALI_VEG_DAL_BHAAT|LD_BENGALI_FISH_MEAL|SN_SWEET_REGIONAL|SN_STREET_CHAAT|BF_POHA_CHIVDA_LIGHT,"Add dal-bhaat-bhaja, fish if nonveg, sweets and chaats."
Assam,AHMEDABAD_SURAT,Ahmedabad/Surat/Vadodara,0.55,0.3,0.15,BF_JAIN_BREAKFAST|LD_GUJARATI_THALI|LD_JAIN_NO_ROOT_MAIN|SN_STEAMED_SNACK|SN_NAMKEEN_CHIVDA,Add Gujarati/Jain/veg snack-heavy pattern; nonveg not assumed unless explicit.
Assam,GOA_COASTAL,Goa/Kochi/Mangalore/coastal city,0.55,0.3,0.15,LD_FISH_CURRY_RICE|LD_COCONUT_VEG_STEW|LD_PRAWN_CRAB_COASTAL|BF_FERMENTED_CREPE_PAN|SN_NONVEG_SNACK,Add rice-fish/coastal coconut if nonveg; veg users get coconut stew/curd rice.
Assam,PAN_INDIA_PG_HOSTEL,PG/hostel/corporate relocation,0.45,0.25,0.3,BF_BREAD_MODERN_FAST|LD_ONE_POT_PRESSURE|LD_OUTSIDE_DELIVERY_INDIAN|SN_MOMO_NOODLES_SNACK|DN_ONE_POT_DINNER,Higher outside/one-pot/bread/noodles; ask kitchen access before recipes.
Bihar,HOME_STATE_TIER1,Home-state major city,0.7,0.2,0.1,BF_BREAD_MODERN_FAST|LD_MODERN_SALAD_BOWL|LD_OUTSIDE_DELIVERY_INDIAN|SN_BAKERY_CAFE,Use state signature with more delivery/modern breakfast.
Bihar,HOME_STATE_TIER2,Home-state tier 2 city,0.8,0.15,0.05,BF_POHA_CHIVDA_LIGHT|LD_DAL_ROTI_SABZI|SN_TEA_BISCUIT_RUSK|DN_LIGHT_ROTI_SABZI,Use state signature strongly; lower delivery and more home food.
Bihar,MUMBAI_PUNE,Mumbai/Pune/Thane/Navi Mumbai,0.55,0.3,0.15,BF_POHA_CHIVDA_LIGHT|LD_MAHARASHTRIAN_PITLA_BHAKRI|LD_MODERN_SALAD_BOWL|SN_STREET_CHAAT|DN_LIGHT_ROTI_SABZI,"Add poha, chaat/vada-pav, office lunch, health bowl; keep home-state dinner 3-4 days."
Bihar,DELHI_NCR,Delhi NCR/Gurugram/Noida,0.55,0.3,0.15,BF_STUFFED_FLATBREAD|LD_RAJMA_CHOLE_LEGUME|LD_PANEER_RICH_GRAVY|LD_TANDOORI_GRILL_NONVEG|SN_STREET_CHAAT,Add paratha/chole/rajma/tandoori/delivery and North-style office eating.
Bihar,BENGALURU_HYD_CHENNAI,Bengaluru/Hyderabad/Chennai,0.55,0.3,0.15,BF_FERMENTED_CREPE_PAN|BF_STEAMED_FERMENTED_LIGHT|LD_SOUTH_SAMBAR_RASAM|LD_CHICKEN_BIRYANI_PULAO|LD_MODERN_SALAD_BOWL,"Add idli/dosa, rice meals, biryani where nonveg, tech-city health/delivery."
Bihar,KOLKATA_EAST,Kolkata/East metro,0.55,0.3,0.15,LD_BENGALI_VEG_DAL_BHAAT|LD_BENGALI_FISH_MEAL|SN_SWEET_REGIONAL|SN_STREET_CHAAT|BF_POHA_CHIVDA_LIGHT,"Add dal-bhaat-bhaja, fish if nonveg, sweets and chaats."
Bihar,AHMEDABAD_SURAT,Ahmedabad/Surat/Vadodara,0.55,0.3,0.15,BF_JAIN_BREAKFAST|LD_GUJARATI_THALI|LD_JAIN_NO_ROOT_MAIN|SN_STEAMED_SNACK|SN_NAMKEEN_CHIVDA,Add Gujarati/Jain/veg snack-heavy pattern; nonveg not assumed unless explicit.
Bihar,GOA_COASTAL,Goa/Kochi/Mangalore/coastal city,0.55,0.3,0.15,LD_FISH_CURRY_RICE|LD_COCONUT_VEG_STEW|LD_PRAWN_CRAB_COASTAL|BF_FERMENTED_CREPE_PAN|SN_NONVEG_SNACK,Add rice-fish/coastal coconut if nonveg; veg users get coconut stew/curd rice.
Bihar,PAN_INDIA_PG_HOSTEL,PG/hostel/corporate relocation,0.45,0.25,0.3,BF_BREAD_MODERN_FAST|LD_ONE_POT_PRESSURE|LD_OUTSIDE_DELIVERY_INDIAN|SN_MOMO_NOODLES_SNACK|DN_ONE_POT_DINNER,Higher outside/one-pot/bread/noodles; ask kitchen access before recipes.
Chhattisgarh,HOME_STATE_TIER1,Home-state major city,0.7,0.2,0.1,BF_BREAD_MODERN_FAST|LD_MODERN_SALAD_BOWL|LD_OUTSIDE_DELIVERY_INDIAN|SN_BAKERY_CAFE,Use state signature with more delivery/modern breakfast.
Chhattisgarh,HOME_STATE_TIER2,Home-state tier 2 city,0.8,0.15,0.05,BF_POHA_CHIVDA_LIGHT|LD_DAL_ROTI_SABZI|SN_TEA_BISCUIT_RUSK|DN_LIGHT_ROTI_SABZI,Use state signature strongly; lower delivery and more home food.
Chhattisgarh,MUMBAI_PUNE,Mumbai/Pune/Thane/Navi Mumbai,0.55,0.3,0.15,BF_POHA_CHIVDA_LIGHT|LD_MAHARASHTRIAN_PITLA_BHAKRI|LD_MODERN_SALAD_BOWL|SN_STREET_CHAAT|DN_LIGHT_ROTI_SABZI,"Add poha, chaat/vada-pav, office lunch, health bowl; keep home-state dinner 3-4 days."
Chhattisgarh,DELHI_NCR,Delhi NCR/Gurugram/Noida,0.55,0.3,0.15,BF_STUFFED_FLATBREAD|LD_RAJMA_CHOLE_LEGUME|LD_PANEER_RICH_GRAVY|LD_TANDOORI_GRILL_NONVEG|SN_STREET_CHAAT,Add paratha/chole/rajma/tandoori/delivery and North-style office eating.
Chhattisgarh,BENGALURU_HYD_CHENNAI,Bengaluru/Hyderabad/Chennai,0.55,0.3,0.15,BF_FERMENTED_CREPE_PAN|BF_STEAMED_FERMENTED_LIGHT|LD_SOUTH_SAMBAR_RASAM|LD_CHICKEN_BIRYANI_PULAO|LD_MODERN_SALAD_BOWL,"Add idli/dosa, rice meals, biryani where nonveg, tech-city health/delivery."
Chhattisgarh,KOLKATA_EAST,Kolkata/East metro,0.55,0.3,0.15,LD_BENGALI_VEG_DAL_BHAAT|LD_BENGALI_FISH_MEAL|SN_SWEET_REGIONAL|SN_STREET_CHAAT|BF_POHA_CHIVDA_LIGHT,"Add dal-bhaat-bhaja, fish if nonveg, sweets and chaats."
Chhattisgarh,AHMEDABAD_SURAT,Ahmedabad/Surat/Vadodara,0.55,0.3,0.15,BF_JAIN_BREAKFAST|LD_GUJARATI_THALI|LD_JAIN_NO_ROOT_MAIN|SN_STEAMED_SNACK|SN_NAMKEEN_CHIVDA,Add Gujarati/Jain/veg snack-heavy pattern; nonveg not assumed unless explicit.
Chhattisgarh,GOA_COASTAL,Goa/Kochi/Mangalore/coastal city,0.55,0.3,0.15,LD_FISH_CURRY_RICE|LD_COCONUT_VEG_STEW|LD_PRAWN_CRAB_COASTAL|BF_FERMENTED_CREPE_PAN|SN_NONVEG_SNACK,Add rice-fish/coastal coconut if nonveg; veg users get coconut stew/curd rice.
Chhattisgarh,PAN_INDIA_PG_HOSTEL,PG/hostel/corporate relocation,0.45,0.25,0.3,BF_BREAD_MODERN_FAST|LD_ONE_POT_PRESSURE|LD_OUTSIDE_DELIVERY_INDIAN|SN_MOMO_NOODLES_SNACK|DN_ONE_POT_DINNER,Higher outside/one-pot/bread/noodles; ask kitchen access before recipes.
Goa,HOME_STATE_TIER1,Home-state major city,0.7,0.2,0.1,BF_BREAD_MODERN_FAST|LD_MODERN_SALAD_BOWL|LD_OUTSIDE_DELIVERY_INDIAN|SN_BAKERY_CAFE,Use state signature with more delivery/modern breakfast.
Goa,HOME_STATE_TIER2,Home-state tier 2 city,0.8,0.15,0.05,BF_POHA_CHIVDA_LIGHT|LD_DAL_ROTI_SABZI|SN_TEA_BISCUIT_RUSK|DN_LIGHT_ROTI_SABZI,Use state signature strongly; lower delivery and more home food.
Goa,MUMBAI_PUNE,Mumbai/Pune/Thane/Navi Mumbai,0.55,0.3,0.15,BF_POHA_CHIVDA_LIGHT|LD_MAHARASHTRIAN_PITLA_BHAKRI|LD_MODERN_SALAD_BOWL|SN_STREET_CHAAT|DN_LIGHT_ROTI_SABZI,"Add poha, chaat/vada-pav, office lunch, health bowl; keep home-state dinner 3-4 days."
Goa,DELHI_NCR,Delhi NCR/Gurugram/Noida,0.55,0.3,0.15,BF_STUFFED_FLATBREAD|LD_RAJMA_CHOLE_LEGUME|LD_PANEER_RICH_GRAVY|LD_TANDOORI_GRILL_NONVEG|SN_STREET_CHAAT,Add paratha/chole/rajma/tandoori/delivery and North-style office eating.
Goa,BENGALURU_HYD_CHENNAI,Bengaluru/Hyderabad/Chennai,0.55,0.3,0.15,BF_FERMENTED_CREPE_PAN|BF_STEAMED_FERMENTED_LIGHT|LD_SOUTH_SAMBAR_RASAM|LD_CHICKEN_BIRYANI_PULAO|LD_MODERN_SALAD_BOWL,"Add idli/dosa, rice meals, biryani where nonveg, tech-city health/delivery."
Goa,KOLKATA_EAST,Kolkata/East metro,0.55,0.3,0.15,LD_BENGALI_VEG_DAL_BHAAT|LD_BENGALI_FISH_MEAL|SN_SWEET_REGIONAL|SN_STREET_CHAAT|BF_POHA_CHIVDA_LIGHT,"Add dal-bhaat-bhaja, fish if nonveg, sweets and chaats."
Goa,AHMEDABAD_SURAT,Ahmedabad/Surat/Vadodara,0.55,0.3,0.15,BF_JAIN_BREAKFAST|LD_GUJARATI_THALI|LD_JAIN_NO_ROOT_MAIN|SN_STEAMED_SNACK|SN_NAMKEEN_CHIVDA,Add Gujarati/Jain/veg snack-heavy pattern; nonveg not assumed unless explicit.
Goa,GOA_COASTAL,Goa/Kochi/Mangalore/coastal city,0.55,0.3,0.15,LD_FISH_CURRY_RICE|LD_COCONUT_VEG_STEW|LD_PRAWN_CRAB_COASTAL|BF_FERMENTED_CREPE_PAN|SN_NONVEG_SNACK,Add rice-fish/coastal coconut if nonveg; veg users get coconut stew/curd rice.
Goa,PAN_INDIA_PG_HOSTEL,PG/hostel/corporate relocation,0.45,0.25,0.3,BF_BREAD_MODERN_FAST|LD_ONE_POT_PRESSURE|LD_OUTSIDE_DELIVERY_INDIAN|SN_MOMO_NOODLES_SNACK|DN_ONE_POT_DINNER,Higher outside/one-pot/bread/noodles; ask kitchen access before recipes.
Gujarat,HOME_STATE_TIER1,Home-state major city,0.7,0.2,0.1,BF_BREAD_MODERN_FAST|LD_MODERN_SALAD_BOWL|LD_OUTSIDE_DELIVERY_INDIAN|SN_BAKERY_CAFE,Use state signature with more delivery/modern breakfast.
Gujarat,HOME_STATE_TIER2,Home-state tier 2 city,0.8,0.15,0.05,BF_POHA_CHIVDA_LIGHT|LD_DAL_ROTI_SABZI|SN_TEA_BISCUIT_RUSK|DN_LIGHT_ROTI_SABZI,Use state signature strongly; lower delivery and more home food.
Gujarat,MUMBAI_PUNE,Mumbai/Pune/Thane/Navi Mumbai,0.55,0.3,0.15,BF_POHA_CHIVDA_LIGHT|LD_MAHARASHTRIAN_PITLA_BHAKRI|LD_MODERN_SALAD_BOWL|SN_STREET_CHAAT|DN_LIGHT_ROTI_SABZI,"Add poha, chaat/vada-pav, office lunch, health bowl; keep home-state dinner 3-4 days."
Gujarat,DELHI_NCR,Delhi NCR/Gurugram/Noida,0.55,0.3,0.15,BF_STUFFED_FLATBREAD|LD_RAJMA_CHOLE_LEGUME|LD_PANEER_RICH_GRAVY|LD_TANDOORI_GRILL_NONVEG|SN_STREET_CHAAT,Add paratha/chole/rajma/tandoori/delivery and North-style office eating.
Gujarat,BENGALURU_HYD_CHENNAI,Bengaluru/Hyderabad/Chennai,0.55,0.3,0.15,BF_FERMENTED_CREPE_PAN|BF_STEAMED_FERMENTED_LIGHT|LD_SOUTH_SAMBAR_RASAM|LD_CHICKEN_BIRYANI_PULAO|LD_MODERN_SALAD_BOWL,"Add idli/dosa, rice meals, biryani where nonveg, tech-city health/delivery."
Gujarat,KOLKATA_EAST,Kolkata/East metro,0.55,0.3,0.15,LD_BENGALI_VEG_DAL_BHAAT|LD_BENGALI_FISH_MEAL|SN_SWEET_REGIONAL|SN_STREET_CHAAT|BF_POHA_CHIVDA_LIGHT,"Add dal-bhaat-bhaja, fish if nonveg, sweets and chaats."
Gujarat,AHMEDABAD_SURAT,Ahmedabad/Surat/Vadodara,0.55,0.3,0.15,BF_JAIN_BREAKFAST|LD_GUJARATI_THALI|LD_JAIN_NO_ROOT_MAIN|SN_STEAMED_SNACK|SN_NAMKEEN_CHIVDA,Add Gujarati/Jain/veg snack-heavy pattern; nonveg not assumed unless explicit.
Gujarat,GOA_COASTAL,Goa/Kochi/Mangalore/coastal city,0.55,0.3,0.15,LD_FISH_CURRY_RICE|LD_COCONUT_VEG_STEW|LD_PRAWN_CRAB_COASTAL|BF_FERMENTED_CREPE_PAN|SN_NONVEG_SNACK,Add rice-fish/coastal coconut if nonveg; veg users get coconut stew/curd rice.
Gujarat,PAN_INDIA_PG_HOSTEL,PG/hostel/corporate relocation,0.45,0.25,0.3,BF_BREAD_MODERN_FAST|LD_ONE_POT_PRESSURE|LD_OUTSIDE_DELIVERY_INDIAN|SN_MOMO_NOODLES_SNACK|DN_ONE_POT_DINNER,Higher outside/one-pot/bread/noodles; ask kitchen access before recipes.
Haryana,HOME_STATE_TIER1,Home-state major city,0.7,0.2,0.1,BF_BREAD_MODERN_FAST|LD_MODERN_SALAD_BOWL|LD_OUTSIDE_DELIVERY_INDIAN|SN_BAKERY_CAFE,Use state signature with more delivery/modern breakfast.
Haryana,HOME_STATE_TIER2,Home-state tier 2 city,0.8,0.15,0.05,BF_POHA_CHIVDA_LIGHT|LD_DAL_ROTI_SABZI|SN_TEA_BISCUIT_RUSK|DN_LIGHT_ROTI_SABZI,Use state signature strongly; lower delivery and more home food.
Haryana,MUMBAI_PUNE,Mumbai/Pune/Thane/Navi Mumbai,0.55,0.3,0.15,BF_POHA_CHIVDA_LIGHT|LD_MAHARASHTRIAN_PITLA_BHAKRI|LD_MODERN_SALAD_BOWL|SN_STREET_CHAAT|DN_LIGHT_ROTI_SABZI,"Add poha, chaat/vada-pav, office lunch, health bowl; keep home-state dinner 3-4 days."
Haryana,DELHI_NCR,Delhi NCR/Gurugram/Noida,0.55,0.3,0.15,BF_STUFFED_FLATBREAD|LD_RAJMA_CHOLE_LEGUME|LD_PANEER_RICH_GRAVY|LD_TANDOORI_GRILL_NONVEG|SN_STREET_CHAAT,Add paratha/chole/rajma/tandoori/delivery and North-style office eating.
Haryana,BENGALURU_HYD_CHENNAI,Bengaluru/Hyderabad/Chennai,0.55,0.3,0.15,BF_FERMENTED_CREPE_PAN|BF_STEAMED_FERMENTED_LIGHT|LD_SOUTH_SAMBAR_RASAM|LD_CHICKEN_BIRYANI_PULAO|LD_MODERN_SALAD_BOWL,"Add idli/dosa, rice meals, biryani where nonveg, tech-city health/delivery."
Haryana,KOLKATA_EAST,Kolkata/East metro,0.55,0.3,0.15,LD_BENGALI_VEG_DAL_BHAAT|LD_BENGALI_FISH_MEAL|SN_SWEET_REGIONAL|SN_STREET_CHAAT|BF_POHA_CHIVDA_LIGHT,"Add dal-bhaat-bhaja, fish if nonveg, sweets and chaats."
Haryana,AHMEDABAD_SURAT,Ahmedabad/Surat/Vadodara,0.55,0.3,0.15,BF_JAIN_BREAKFAST|LD_GUJARATI_THALI|LD_JAIN_NO_ROOT_MAIN|SN_STEAMED_SNACK|SN_NAMKEEN_CHIVDA,Add Gujarati/Jain/veg snack-heavy pattern; nonveg not assumed unless explicit.
Haryana,GOA_COASTAL,Goa/Kochi/Mangalore/coastal city,0.55,0.3,0.15,LD_FISH_CURRY_RICE|LD_COCONUT_VEG_STEW|LD_PRAWN_CRAB_COASTAL|BF_FERMENTED_CREPE_PAN|SN_NONVEG_SNACK,Add rice-fish/coastal coconut if nonveg; veg users get coconut stew/curd rice.
Haryana,PAN_INDIA_PG_HOSTEL,PG/hostel/corporate relocation,0.45,0.25,0.3,BF_BREAD_MODERN_FAST|LD_ONE_POT_PRESSURE|LD_OUTSIDE_DELIVERY_INDIAN|SN_MOMO_NOODLES_SNACK|DN_ONE_POT_DINNER,Higher outside/one-pot/bread/noodles; ask kitchen access before recipes.
Himachal Pradesh,HOME_STATE_TIER1,Home-state major city,0.7,0.2,0.1,BF_BREAD_MODERN_FAST|LD_MODERN_SALAD_BOWL|LD_OUTSIDE_DELIVERY_INDIAN|SN_BAKERY_CAFE,Use state signature with more delivery/modern breakfast.
Himachal Pradesh,HOME_STATE_TIER2,Home-state tier 2 city,0.8,0.15,0.05,BF_POHA_CHIVDA_LIGHT|LD_DAL_ROTI_SABZI|SN_TEA_BISCUIT_RUSK|DN_LIGHT_ROTI_SABZI,Use state signature strongly; lower delivery and more home food.
Himachal Pradesh,MUMBAI_PUNE,Mumbai/Pune/Thane/Navi Mumbai,0.55,0.3,0.15,BF_POHA_CHIVDA_LIGHT|LD_MAHARASHTRIAN_PITLA_BHAKRI|LD_MODERN_SALAD_BOWL|SN_STREET_CHAAT|DN_LIGHT_ROTI_SABZI,"Add poha, chaat/vada-pav, office lunch, health bowl; keep home-state dinner 3-4 days."
Himachal Pradesh,DELHI_NCR,Delhi NCR/Gurugram/Noida,0.55,0.3,0.15,BF_STUFFED_FLATBREAD|LD_RAJMA_CHOLE_LEGUME|LD_PANEER_RICH_GRAVY|LD_TANDOORI_GRILL_NONVEG|SN_STREET_CHAAT,Add paratha/chole/rajma/tandoori/delivery and North-style office eating.
Himachal Pradesh,BENGALURU_HYD_CHENNAI,Bengaluru/Hyderabad/Chennai,0.55,0.3,0.15,BF_FERMENTED_CREPE_PAN|BF_STEAMED_FERMENTED_LIGHT|LD_SOUTH_SAMBAR_RASAM|LD_CHICKEN_BIRYANI_PULAO|LD_MODERN_SALAD_BOWL,"Add idli/dosa, rice meals, biryani where nonveg, tech-city health/delivery."
Himachal Pradesh,KOLKATA_EAST,Kolkata/East metro,0.55,0.3,0.15,LD_BENGALI_VEG_DAL_BHAAT|LD_BENGALI_FISH_MEAL|SN_SWEET_REGIONAL|SN_STREET_CHAAT|BF_POHA_CHIVDA_LIGHT,"Add dal-bhaat-bhaja, fish if nonveg, sweets and chaats."
Himachal Pradesh,AHMEDABAD_SURAT,Ahmedabad/Surat/Vadodara,0.55,0.3,0.15,BF_JAIN_BREAKFAST|LD_GUJARATI_THALI|LD_JAIN_NO_ROOT_MAIN|SN_STEAMED_SNACK|SN_NAMKEEN_CHIVDA,Add Gujarati/Jain/veg snack-heavy pattern; nonveg not assumed unless explicit.
Himachal Pradesh,GOA_COASTAL,Goa/Kochi/Mangalore/coastal city,0.55,0.3,0.15,LD_FISH_CURRY_RICE|LD_COCONUT_VEG_STEW|LD_PRAWN_CRAB_COASTAL|BF_FERMENTED_CREPE_PAN|SN_NONVEG_SNACK,Add rice-fish/coastal coconut if nonveg; veg users get coconut stew/curd rice.
Himachal Pradesh,PAN_INDIA_PG_HOSTEL,PG/hostel/corporate relocation,0.45,0.25,0.3,BF_BREAD_MODERN_FAST|LD_ONE_POT_PRESSURE|LD_OUTSIDE_DELIVERY_INDIAN|SN_MOMO_NOODLES_SNACK|DN_ONE_POT_DINNER,Higher outside/one-pot/bread/noodles; ask kitchen access before recipes.
Jharkhand,HOME_STATE_TIER1,Home-state major city,0.7,0.2,0.1,BF_BREAD_MODERN_FAST|LD_MODERN_SALAD_BOWL|LD_OUTSIDE_DELIVERY_INDIAN|SN_BAKERY_CAFE,Use state signature with more delivery/modern breakfast.
Jharkhand,HOME_STATE_TIER2,Home-state tier 2 city,0.8,0.15,0.05,BF_POHA_CHIVDA_LIGHT|LD_DAL_ROTI_SABZI|SN_TEA_BISCUIT_RUSK|DN_LIGHT_ROTI_SABZI,Use state signature strongly; lower delivery and more home food.
Jharkhand,MUMBAI_PUNE,Mumbai/Pune/Thane/Navi Mumbai,0.55,0.3,0.15,BF_POHA_CHIVDA_LIGHT|LD_MAHARASHTRIAN_PITLA_BHAKRI|LD_MODERN_SALAD_BOWL|SN_STREET_CHAAT|DN_LIGHT_ROTI_SABZI,"Add poha, chaat/vada-pav, office lunch, health bowl; keep home-state dinner 3-4 days."
Jharkhand,DELHI_NCR,Delhi NCR/Gurugram/Noida,0.55,0.3,0.15,BF_STUFFED_FLATBREAD|LD_RAJMA_CHOLE_LEGUME|LD_PANEER_RICH_GRAVY|LD_TANDOORI_GRILL_NONVEG|SN_STREET_CHAAT,Add paratha/chole/rajma/tandoori/delivery and North-style office eating.
Jharkhand,BENGALURU_HYD_CHENNAI,Bengaluru/Hyderabad/Chennai,0.55,0.3,0.15,BF_FERMENTED_CREPE_PAN|BF_STEAMED_FERMENTED_LIGHT|LD_SOUTH_SAMBAR_RASAM|LD_CHICKEN_BIRYANI_PULAO|LD_MODERN_SALAD_BOWL,"Add idli/dosa, rice meals, biryani where nonveg, tech-city health/delivery."
Jharkhand,KOLKATA_EAST,Kolkata/East metro,0.55,0.3,0.15,LD_BENGALI_VEG_DAL_BHAAT|LD_BENGALI_FISH_MEAL|SN_SWEET_REGIONAL|SN_STREET_CHAAT|BF_POHA_CHIVDA_LIGHT,"Add dal-bhaat-bhaja, fish if nonveg, sweets and chaats."
Jharkhand,AHMEDABAD_SURAT,Ahmedabad/Surat/Vadodara,0.55,0.3,0.15,BF_JAIN_BREAKFAST|LD_GUJARATI_THALI|LD_JAIN_NO_ROOT_MAIN|SN_STEAMED_SNACK|SN_NAMKEEN_CHIVDA,Add Gujarati/Jain/veg snack-heavy pattern; nonveg not assumed unless explicit.
Jharkhand,GOA_COASTAL,Goa/Kochi/Mangalore/coastal city,0.55,0.3,0.15,LD_FISH_CURRY_RICE|LD_COCONUT_VEG_STEW|LD_PRAWN_CRAB_COASTAL|BF_FERMENTED_CREPE_PAN|SN_NONVEG_SNACK,Add rice-fish/coastal coconut if nonveg; veg users get coconut stew/curd rice.
Jharkhand,PAN_INDIA_PG_HOSTEL,PG/hostel/corporate relocation,0.45,0.25,0.3,BF_BREAD_MODERN_FAST|LD_ONE_POT_PRESSURE|LD_OUTSIDE_DELIVERY_INDIAN|SN_MOMO_NOODLES_SNACK|DN_ONE_POT_DINNER,Higher outside/one-pot/bread/noodles; ask kitchen access before recipes.
Karnataka,HOME_STATE_TIER1,Home-state major city,0.7,0.2,0.1,BF_BREAD_MODERN_FAST|LD_MODERN_SALAD_BOWL|LD_OUTSIDE_DELIVERY_INDIAN|SN_BAKERY_CAFE,Use state signature with more delivery/modern breakfast.
Karnataka,HOME_STATE_TIER2,Home-state tier 2 city,0.8,0.15,0.05,BF_POHA_CHIVDA_LIGHT|LD_DAL_ROTI_SABZI|SN_TEA_BISCUIT_RUSK|DN_LIGHT_ROTI_SABZI,Use state signature strongly; lower delivery and more home food.
Karnataka,MUMBAI_PUNE,Mumbai/Pune/Thane/Navi Mumbai,0.55,0.3,0.15,BF_POHA_CHIVDA_LIGHT|LD_MAHARASHTRIAN_PITLA_BHAKRI|LD_MODERN_SALAD_BOWL|SN_STREET_CHAAT|DN_LIGHT_ROTI_SABZI,"Add poha, chaat/vada-pav, office lunch, health bowl; keep home-state dinner 3-4 days."
Karnataka,DELHI_NCR,Delhi NCR/Gurugram/Noida,0.55,0.3,0.15,BF_STUFFED_FLATBREAD|LD_RAJMA_CHOLE_LEGUME|LD_PANEER_RICH_GRAVY|LD_TANDOORI_GRILL_NONVEG|SN_STREET_CHAAT,Add paratha/chole/rajma/tandoori/delivery and North-style office eating.
Karnataka,BENGALURU_HYD_CHENNAI,Bengaluru/Hyderabad/Chennai,0.55,0.3,0.15,BF_FERMENTED_CREPE_PAN|BF_STEAMED_FERMENTED_LIGHT|LD_SOUTH_SAMBAR_RASAM|LD_CHICKEN_BIRYANI_PULAO|LD_MODERN_SALAD_BOWL,"Add idli/dosa, rice meals, biryani where nonveg, tech-city health/delivery."
Karnataka,KOLKATA_EAST,Kolkata/East metro,0.55,0.3,0.15,LD_BENGALI_VEG_DAL_BHAAT|LD_BENGALI_FISH_MEAL|SN_SWEET_REGIONAL|SN_STREET_CHAAT|BF_POHA_CHIVDA_LIGHT,"Add dal-bhaat-bhaja, fish if nonveg, sweets and chaats."
Karnataka,AHMEDABAD_SURAT,Ahmedabad/Surat/Vadodara,0.55,0.3,0.15,BF_JAIN_BREAKFAST|LD_GUJARATI_THALI|LD_JAIN_NO_ROOT_MAIN|SN_STEAMED_SNACK|SN_NAMKEEN_CHIVDA,Add Gujarati/Jain/veg snack-heavy pattern; nonveg not assumed unless explicit.
Karnataka,GOA_COASTAL,Goa/Kochi/Mangalore/coastal city,0.55,0.3,0.15,LD_FISH_CURRY_RICE|LD_COCONUT_VEG_STEW|LD_PRAWN_CRAB_COASTAL|BF_FERMENTED_CREPE_PAN|SN_NONVEG_SNACK,Add rice-fish/coastal coconut if nonveg; veg users get coconut stew/curd rice.
Karnataka,PAN_INDIA_PG_HOSTEL,PG/hostel/corporate relocation,0.45,0.25,0.3,BF_BREAD_MODERN_FAST|LD_ONE_POT_PRESSURE|LD_OUTSIDE_DELIVERY_INDIAN|SN_MOMO_NOODLES_SNACK|DN_ONE_POT_DINNER,Higher outside/one-pot/bread/noodles; ask kitchen access before recipes.
Kerala,HOME_STATE_TIER1,Home-state major city,0.7,0.2,0.1,BF_BREAD_MODERN_FAST|LD_MODERN_SALAD_BOWL|LD_OUTSIDE_DELIVERY_INDIAN|SN_BAKERY_CAFE,Use state signature with more delivery/modern breakfast.
Kerala,HOME_STATE_TIER2,Home-state tier 2 city,0.8,0.15,0.05,BF_POHA_CHIVDA_LIGHT|LD_DAL_ROTI_SABZI|SN_TEA_BISCUIT_RUSK|DN_LIGHT_ROTI_SABZI,Use state signature strongly; lower delivery and more home food.
Kerala,MUMBAI_PUNE,Mumbai/Pune/Thane/Navi Mumbai,0.55,0.3,0.15,BF_POHA_CHIVDA_LIGHT|LD_MAHARASHTRIAN_PITLA_BHAKRI|LD_MODERN_SALAD_BOWL|SN_STREET_CHAAT|DN_LIGHT_ROTI_SABZI,"Add poha, chaat/vada-pav, office lunch, health bowl; keep home-state dinner 3-4 days."
Kerala,DELHI_NCR,Delhi NCR/Gurugram/Noida,0.55,0.3,0.15,BF_STUFFED_FLATBREAD|LD_RAJMA_CHOLE_LEGUME|LD_PANEER_RICH_GRAVY|LD_TANDOORI_GRILL_NONVEG|SN_STREET_CHAAT,Add paratha/chole/rajma/tandoori/delivery and North-style office eating.
Kerala,BENGALURU_HYD_CHENNAI,Bengaluru/Hyderabad/Chennai,0.55,0.3,0.15,BF_FERMENTED_CREPE_PAN|BF_STEAMED_FERMENTED_LIGHT|LD_SOUTH_SAMBAR_RASAM|LD_CHICKEN_BIRYANI_PULAO|LD_MODERN_SALAD_BOWL,"Add idli/dosa, rice meals, biryani where nonveg, tech-city health/delivery."
Kerala,KOLKATA_EAST,Kolkata/East metro,0.55,0.3,0.15,LD_BENGALI_VEG_DAL_BHAAT|LD_BENGALI_FISH_MEAL|SN_SWEET_REGIONAL|SN_STREET_CHAAT|BF_POHA_CHIVDA_LIGHT,"Add dal-bhaat-bhaja, fish if nonveg, sweets and chaats."
Kerala,AHMEDABAD_SURAT,Ahmedabad/Surat/Vadodara,0.55,0.3,0.15,BF_JAIN_BREAKFAST|LD_GUJARATI_THALI|LD_JAIN_NO_ROOT_MAIN|SN_STEAMED_SNACK|SN_NAMKEEN_CHIVDA,Add Gujarati/Jain/veg snack-heavy pattern; nonveg not assumed unless explicit.
Kerala,GOA_COASTAL,Goa/Kochi/Mangalore/coastal city,0.55,0.3,0.15,LD_FISH_CURRY_RICE|LD_COCONUT_VEG_STEW|LD_PRAWN_CRAB_COASTAL|BF_FERMENTED_CREPE_PAN|SN_NONVEG_SNACK,Add rice-fish/coastal coconut if nonveg; veg users get coconut stew/curd rice.
Kerala,PAN_INDIA_PG_HOSTEL,PG/hostel/corporate relocation,0.45,0.25,0.3,BF_BREAD_MODERN_FAST|LD_ONE_POT_PRESSURE|LD_OUTSIDE_DELIVERY_INDIAN|SN_MOMO_NOODLES_SNACK|DN_ONE_POT_DINNER,Higher outside/one-pot/bread/noodles; ask kitchen access before recipes.
Madhya Pradesh,HOME_STATE_TIER1,Home-state major city,0.7,0.2,0.1,BF_BREAD_MODERN_FAST|LD_MODERN_SALAD_BOWL|LD_OUTSIDE_DELIVERY_INDIAN|SN_BAKERY_CAFE,Use state signature with more delivery/modern breakfast.
Madhya Pradesh,HOME_STATE_TIER2,Home-state tier 2 city,0.8,0.15,0.05,BF_POHA_CHIVDA_LIGHT|LD_DAL_ROTI_SABZI|SN_TEA_BISCUIT_RUSK|DN_LIGHT_ROTI_SABZI,Use state signature strongly; lower delivery and more home food.
Madhya Pradesh,MUMBAI_PUNE,Mumbai/Pune/Thane/Navi Mumbai,0.55,0.3,0.15,BF_POHA_CHIVDA_LIGHT|LD_MAHARASHTRIAN_PITLA_BHAKRI|LD_MODERN_SALAD_BOWL|SN_STREET_CHAAT|DN_LIGHT_ROTI_SABZI,"Add poha, chaat/vada-pav, office lunch, health bowl; keep home-state dinner 3-4 days."
Madhya Pradesh,DELHI_NCR,Delhi NCR/Gurugram/Noida,0.55,0.3,0.15,BF_STUFFED_FLATBREAD|LD_RAJMA_CHOLE_LEGUME|LD_PANEER_RICH_GRAVY|LD_TANDOORI_GRILL_NONVEG|SN_STREET_CHAAT,Add paratha/chole/rajma/tandoori/delivery and North-style office eating.
Madhya Pradesh,BENGALURU_HYD_CHENNAI,Bengaluru/Hyderabad/Chennai,0.55,0.3,0.15,BF_FERMENTED_CREPE_PAN|BF_STEAMED_FERMENTED_LIGHT|LD_SOUTH_SAMBAR_RASAM|LD_CHICKEN_BIRYANI_PULAO|LD_MODERN_SALAD_BOWL,"Add idli/dosa, rice meals, biryani where nonveg, tech-city health/delivery."
Madhya Pradesh,KOLKATA_EAST,Kolkata/East metro,0.55,0.3,0.15,LD_BENGALI_VEG_DAL_BHAAT|LD_BENGALI_FISH_MEAL|SN_SWEET_REGIONAL|SN_STREET_CHAAT|BF_POHA_CHIVDA_LIGHT,"Add dal-bhaat-bhaja, fish if nonveg, sweets and chaats."
Madhya Pradesh,AHMEDABAD_SURAT,Ahmedabad/Surat/Vadodara,0.55,0.3,0.15,BF_JAIN_BREAKFAST|LD_GUJARATI_THALI|LD_JAIN_NO_ROOT_MAIN|SN_STEAMED_SNACK|SN_NAMKEEN_CHIVDA,Add Gujarati/Jain/veg snack-heavy pattern; nonveg not assumed unless explicit.
Madhya Pradesh,GOA_COASTAL,Goa/Kochi/Mangalore/coastal city,0.55,0.3,0.15,LD_FISH_CURRY_RICE|LD_COCONUT_VEG_STEW|LD_PRAWN_CRAB_COASTAL|BF_FERMENTED_CREPE_PAN|SN_NONVEG_SNACK,Add rice-fish/coastal coconut if nonveg; veg users get coconut stew/curd rice.
Madhya Pradesh,PAN_INDIA_PG_HOSTEL,PG/hostel/corporate relocation,0.45,0.25,0.3,BF_BREAD_MODERN_FAST|LD_ONE_POT_PRESSURE|LD_OUTSIDE_DELIVERY_INDIAN|SN_MOMO_NOODLES_SNACK|DN_ONE_POT_DINNER,Higher outside/one-pot/bread/noodles; ask kitchen access before recipes.
Maharashtra,HOME_STATE_TIER1,Home-state major city,0.7,0.2,0.1,BF_BREAD_MODERN_FAST|LD_MODERN_SALAD_BOWL|LD_OUTSIDE_DELIVERY_INDIAN|SN_BAKERY_CAFE,Use state signature with more delivery/modern breakfast.
Maharashtra,HOME_STATE_TIER2,Home-state tier 2 city,0.8,0.15,0.05,BF_POHA_CHIVDA_LIGHT|LD_DAL_ROTI_SABZI|SN_TEA_BISCUIT_RUSK|DN_LIGHT_ROTI_SABZI,Use state signature strongly; lower delivery and more home food.
Maharashtra,MUMBAI_PUNE,Mumbai/Pune/Thane/Navi Mumbai,0.55,0.3,0.15,BF_POHA_CHIVDA_LIGHT|LD_MAHARASHTRIAN_PITLA_BHAKRI|LD_MODERN_SALAD_BOWL|SN_STREET_CHAAT|DN_LIGHT_ROTI_SABZI,"Add poha, chaat/vada-pav, office lunch, health bowl; keep home-state dinner 3-4 days."
Maharashtra,DELHI_NCR,Delhi NCR/Gurugram/Noida,0.55,0.3,0.15,BF_STUFFED_FLATBREAD|LD_RAJMA_CHOLE_LEGUME|LD_PANEER_RICH_GRAVY|LD_TANDOORI_GRILL_NONVEG|SN_STREET_CHAAT,Add paratha/chole/rajma/tandoori/delivery and North-style office eating.
Maharashtra,BENGALURU_HYD_CHENNAI,Bengaluru/Hyderabad/Chennai,0.55,0.3,0.15,BF_FERMENTED_CREPE_PAN|BF_STEAMED_FERMENTED_LIGHT|LD_SOUTH_SAMBAR_RASAM|LD_CHICKEN_BIRYANI_PULAO|LD_MODERN_SALAD_BOWL,"Add idli/dosa, rice meals, biryani where nonveg, tech-city health/delivery."
Maharashtra,KOLKATA_EAST,Kolkata/East metro,0.55,0.3,0.15,LD_BENGALI_VEG_DAL_BHAAT|LD_BENGALI_FISH_MEAL|SN_SWEET_REGIONAL|SN_STREET_CHAAT|BF_POHA_CHIVDA_LIGHT,"Add dal-bhaat-bhaja, fish if nonveg, sweets and chaats."
Maharashtra,AHMEDABAD_SURAT,Ahmedabad/Surat/Vadodara,0.55,0.3,0.15,BF_JAIN_BREAKFAST|LD_GUJARATI_THALI|LD_JAIN_NO_ROOT_MAIN|SN_STEAMED_SNACK|SN_NAMKEEN_CHIVDA,Add Gujarati/Jain/veg snack-heavy pattern; nonveg not assumed unless explicit.
Maharashtra,GOA_COASTAL,Goa/Kochi/Mangalore/coastal city,0.55,0.3,0.15,LD_FISH_CURRY_RICE|LD_COCONUT_VEG_STEW|LD_PRAWN_CRAB_COASTAL|BF_FERMENTED_CREPE_PAN|SN_NONVEG_SNACK,Add rice-fish/coastal coconut if nonveg; veg users get coconut stew/curd rice.
Maharashtra,PAN_INDIA_PG_HOSTEL,PG/hostel/corporate relocation,0.45,0.25,0.3,BF_BREAD_MODERN_FAST|LD_ONE_POT_PRESSURE|LD_OUTSIDE_DELIVERY_INDIAN|SN_MOMO_NOODLES_SNACK|DN_ONE_POT_DINNER,Higher outside/one-pot/bread/noodles; ask kitchen access before recipes.
Manipur,HOME_STATE_TIER1,Home-state major city,0.7,0.2,0.1,BF_BREAD_MODERN_FAST|LD_MODERN_SALAD_BOWL|LD_OUTSIDE_DELIVERY_INDIAN|SN_BAKERY_CAFE,Use state signature with more delivery/modern breakfast.
Manipur,HOME_STATE_TIER2,Home-state tier 2 city,0.8,0.15,0.05,BF_POHA_CHIVDA_LIGHT|LD_DAL_ROTI_SABZI|SN_TEA_BISCUIT_RUSK|DN_LIGHT_ROTI_SABZI,Use state signature strongly; lower delivery and more home food.
Manipur,MUMBAI_PUNE,Mumbai/Pune/Thane/Navi Mumbai,0.55,0.3,0.15,BF_POHA_CHIVDA_LIGHT|LD_MAHARASHTRIAN_PITLA_BHAKRI|LD_MODERN_SALAD_BOWL|SN_STREET_CHAAT|DN_LIGHT_ROTI_SABZI,"Add poha, chaat/vada-pav, office lunch, health bowl; keep home-state dinner 3-4 days."
Manipur,DELHI_NCR,Delhi NCR/Gurugram/Noida,0.55,0.3,0.15,BF_STUFFED_FLATBREAD|LD_RAJMA_CHOLE_LEGUME|LD_PANEER_RICH_GRAVY|LD_TANDOORI_GRILL_NONVEG|SN_STREET_CHAAT,Add paratha/chole/rajma/tandoori/delivery and North-style office eating.
Manipur,BENGALURU_HYD_CHENNAI,Bengaluru/Hyderabad/Chennai,0.55,0.3,0.15,BF_FERMENTED_CREPE_PAN|BF_STEAMED_FERMENTED_LIGHT|LD_SOUTH_SAMBAR_RASAM|LD_CHICKEN_BIRYANI_PULAO|LD_MODERN_SALAD_BOWL,"Add idli/dosa, rice meals, biryani where nonveg, tech-city health/delivery."
Manipur,KOLKATA_EAST,Kolkata/East metro,0.55,0.3,0.15,LD_BENGALI_VEG_DAL_BHAAT|LD_BENGALI_FISH_MEAL|SN_SWEET_REGIONAL|SN_STREET_CHAAT|BF_POHA_CHIVDA_LIGHT,"Add dal-bhaat-bhaja, fish if nonveg, sweets and chaats."
Manipur,AHMEDABAD_SURAT,Ahmedabad/Surat/Vadodara,0.55,0.3,0.15,BF_JAIN_BREAKFAST|LD_GUJARATI_THALI|LD_JAIN_NO_ROOT_MAIN|SN_STEAMED_SNACK|SN_NAMKEEN_CHIVDA,Add Gujarati/Jain/veg snack-heavy pattern; nonveg not assumed unless explicit.
Manipur,GOA_COASTAL,Goa/Kochi/Mangalore/coastal city,0.55,0.3,0.15,LD_FISH_CURRY_RICE|LD_COCONUT_VEG_STEW|LD_PRAWN_CRAB_COASTAL|BF_FERMENTED_CREPE_PAN|SN_NONVEG_SNACK,Add rice-fish/coastal coconut if nonveg; veg users get coconut stew/curd rice.
Manipur,PAN_INDIA_PG_HOSTEL,PG/hostel/corporate relocation,0.45,0.25,0.3,BF_BREAD_MODERN_FAST|LD_ONE_POT_PRESSURE|LD_OUTSIDE_DELIVERY_INDIAN|SN_MOMO_NOODLES_SNACK|DN_ONE_POT_DINNER,Higher outside/one-pot/bread/noodles; ask kitchen access before recipes.
Meghalaya,HOME_STATE_TIER1,Home-state major city,0.7,0.2,0.1,BF_BREAD_MODERN_FAST|LD_MODERN_SALAD_BOWL|LD_OUTSIDE_DELIVERY_INDIAN|SN_BAKERY_CAFE,Use state signature with more delivery/modern breakfast.
Meghalaya,HOME_STATE_TIER2,Home-state tier 2 city,0.8,0.15,0.05,BF_POHA_CHIVDA_LIGHT|LD_DAL_ROTI_SABZI|SN_TEA_BISCUIT_RUSK|DN_LIGHT_ROTI_SABZI,Use state signature strongly; lower delivery and more home food.
Meghalaya,MUMBAI_PUNE,Mumbai/Pune/Thane/Navi Mumbai,0.55,0.3,0.15,BF_POHA_CHIVDA_LIGHT|LD_MAHARASHTRIAN_PITLA_BHAKRI|LD_MODERN_SALAD_BOWL|SN_STREET_CHAAT|DN_LIGHT_ROTI_SABZI,"Add poha, chaat/vada-pav, office lunch, health bowl; keep home-state dinner 3-4 days."
Meghalaya,DELHI_NCR,Delhi NCR/Gurugram/Noida,0.55,0.3,0.15,BF_STUFFED_FLATBREAD|LD_RAJMA_CHOLE_LEGUME|LD_PANEER_RICH_GRAVY|LD_TANDOORI_GRILL_NONVEG|SN_STREET_CHAAT,Add paratha/chole/rajma/tandoori/delivery and North-style office eating.
Meghalaya,BENGALURU_HYD_CHENNAI,Bengaluru/Hyderabad/Chennai,0.55,0.3,0.15,BF_FERMENTED_CREPE_PAN|BF_STEAMED_FERMENTED_LIGHT|LD_SOUTH_SAMBAR_RASAM|LD_CHICKEN_BIRYANI_PULAO|LD_MODERN_SALAD_BOWL,"Add idli/dosa, rice meals, biryani where nonveg, tech-city health/delivery."
Meghalaya,KOLKATA_EAST,Kolkata/East metro,0.55,0.3,0.15,LD_BENGALI_VEG_DAL_BHAAT|LD_BENGALI_FISH_MEAL|SN_SWEET_REGIONAL|SN_STREET_CHAAT|BF_POHA_CHIVDA_LIGHT,"Add dal-bhaat-bhaja, fish if nonveg, sweets and chaats."
Meghalaya,AHMEDABAD_SURAT,Ahmedabad/Surat/Vadodara,0.55,0.3,0.15,BF_JAIN_BREAKFAST|LD_GUJARATI_THALI|LD_JAIN_NO_ROOT_MAIN|SN_STEAMED_SNACK|SN_NAMKEEN_CHIVDA,Add Gujarati/Jain/veg snack-heavy pattern; nonveg not assumed unless explicit.
Meghalaya,GOA_COASTAL,Goa/Kochi/Mangalore/coastal city,0.55,0.3,0.15,LD_FISH_CURRY_RICE|LD_COCONUT_VEG_STEW|LD_PRAWN_CRAB_COASTAL|BF_FERMENTED_CREPE_PAN|SN_NONVEG_SNACK,Add rice-fish/coastal coconut if nonveg; veg users get coconut stew/curd rice.
Meghalaya,PAN_INDIA_PG_HOSTEL,PG/hostel/corporate relocation,0.45,0.25,0.3,BF_BREAD_MODERN_FAST|LD_ONE_POT_PRESSURE|LD_OUTSIDE_DELIVERY_INDIAN|SN_MOMO_NOODLES_SNACK|DN_ONE_POT_DINNER,Higher outside/one-pot/bread/noodles; ask kitchen access before recipes.
Mizoram,HOME_STATE_TIER1,Home-state major city,0.7,0.2,0.1,BF_BREAD_MODERN_FAST|LD_MODERN_SALAD_BOWL|LD_OUTSIDE_DELIVERY_INDIAN|SN_BAKERY_CAFE,Use state signature with more delivery/modern breakfast.
Mizoram,HOME_STATE_TIER2,Home-state tier 2 city,0.8,0.15,0.05,BF_POHA_CHIVDA_LIGHT|LD_DAL_ROTI_SABZI|SN_TEA_BISCUIT_RUSK|DN_LIGHT_ROTI_SABZI,Use state signature strongly; lower delivery and more home food.
Mizoram,MUMBAI_PUNE,Mumbai/Pune/Thane/Navi Mumbai,0.55,0.3,0.15,BF_POHA_CHIVDA_LIGHT|LD_MAHARASHTRIAN_PITLA_BHAKRI|LD_MODERN_SALAD_BOWL|SN_STREET_CHAAT|DN_LIGHT_ROTI_SABZI,"Add poha, chaat/vada-pav, office lunch, health bowl; keep home-state dinner 3-4 days."
Mizoram,DELHI_NCR,Delhi NCR/Gurugram/Noida,0.55,0.3,0.15,BF_STUFFED_FLATBREAD|LD_RAJMA_CHOLE_LEGUME|LD_PANEER_RICH_GRAVY|LD_TANDOORI_GRILL_NONVEG|SN_STREET_CHAAT,Add paratha/chole/rajma/tandoori/delivery and North-style office eating.
Mizoram,BENGALURU_HYD_CHENNAI,Bengaluru/Hyderabad/Chennai,0.55,0.3,0.15,BF_FERMENTED_CREPE_PAN|BF_STEAMED_FERMENTED_LIGHT|LD_SOUTH_SAMBAR_RASAM|LD_CHICKEN_BIRYANI_PULAO|LD_MODERN_SALAD_BOWL,"Add idli/dosa, rice meals, biryani where nonveg, tech-city health/delivery."
Mizoram,KOLKATA_EAST,Kolkata/East metro,0.55,0.3,0.15,LD_BENGALI_VEG_DAL_BHAAT|LD_BENGALI_FISH_MEAL|SN_SWEET_REGIONAL|SN_STREET_CHAAT|BF_POHA_CHIVDA_LIGHT,"Add dal-bhaat-bhaja, fish if nonveg, sweets and chaats."
Mizoram,AHMEDABAD_SURAT,Ahmedabad/Surat/Vadodara,0.55,0.3,0.15,BF_JAIN_BREAKFAST|LD_GUJARATI_THALI|LD_JAIN_NO_ROOT_MAIN|SN_STEAMED_SNACK|SN_NAMKEEN_CHIVDA,Add Gujarati/Jain/veg snack-heavy pattern; nonveg not assumed unless explicit.
Mizoram,GOA_COASTAL,Goa/Kochi/Mangalore/coastal city,0.55,0.3,0.15,LD_FISH_CURRY_RICE|LD_COCONUT_VEG_STEW|LD_PRAWN_CRAB_COASTAL|BF_FERMENTED_CREPE_PAN|SN_NONVEG_SNACK,Add rice-fish/coastal coconut if nonveg; veg users get coconut stew/curd rice.
Mizoram,PAN_INDIA_PG_HOSTEL,PG/hostel/corporate relocation,0.45,0.25,0.3,BF_BREAD_MODERN_FAST|LD_ONE_POT_PRESSURE|LD_OUTSIDE_DELIVERY_INDIAN|SN_MOMO_NOODLES_SNACK|DN_ONE_POT_DINNER,Higher outside/one-pot/bread/noodles; ask kitchen access before recipes.
Nagaland,HOME_STATE_TIER1,Home-state major city,0.7,0.2,0.1,BF_BREAD_MODERN_FAST|LD_MODERN_SALAD_BOWL|LD_OUTSIDE_DELIVERY_INDIAN|SN_BAKERY_CAFE,Use state signature with more delivery/modern breakfast.
Nagaland,HOME_STATE_TIER2,Home-state tier 2 city,0.8,0.15,0.05,BF_POHA_CHIVDA_LIGHT|LD_DAL_ROTI_SABZI|SN_TEA_BISCUIT_RUSK|DN_LIGHT_ROTI_SABZI,Use state signature strongly; lower delivery and more home food.
Nagaland,MUMBAI_PUNE,Mumbai/Pune/Thane/Navi Mumbai,0.55,0.3,0.15,BF_POHA_CHIVDA_LIGHT|LD_MAHARASHTRIAN_PITLA_BHAKRI|LD_MODERN_SALAD_BOWL|SN_STREET_CHAAT|DN_LIGHT_ROTI_SABZI,"Add poha, chaat/vada-pav, office lunch, health bowl; keep home-state dinner 3-4 days."
Nagaland,DELHI_NCR,Delhi NCR/Gurugram/Noida,0.55,0.3,0.15,BF_STUFFED_FLATBREAD|LD_RAJMA_CHOLE_LEGUME|LD_PANEER_RICH_GRAVY|LD_TANDOORI_GRILL_NONVEG|SN_STREET_CHAAT,Add paratha/chole/rajma/tandoori/delivery and North-style office eating.
Nagaland,BENGALURU_HYD_CHENNAI,Bengaluru/Hyderabad/Chennai,0.55,0.3,0.15,BF_FERMENTED_CREPE_PAN|BF_STEAMED_FERMENTED_LIGHT|LD_SOUTH_SAMBAR_RASAM|LD_CHICKEN_BIRYANI_PULAO|LD_MODERN_SALAD_BOWL,"Add idli/dosa, rice meals, biryani where nonveg, tech-city health/delivery."
Nagaland,KOLKATA_EAST,Kolkata/East metro,0.55,0.3,0.15,LD_BENGALI_VEG_DAL_BHAAT|LD_BENGALI_FISH_MEAL|SN_SWEET_REGIONAL|SN_STREET_CHAAT|BF_POHA_CHIVDA_LIGHT,"Add dal-bhaat-bhaja, fish if nonveg, sweets and chaats."
Nagaland,AHMEDABAD_SURAT,Ahmedabad/Surat/Vadodara,0.55,0.3,0.15,BF_JAIN_BREAKFAST|LD_GUJARATI_THALI|LD_JAIN_NO_ROOT_MAIN|SN_STEAMED_SNACK|SN_NAMKEEN_CHIVDA,Add Gujarati/Jain/veg snack-heavy pattern; nonveg not assumed unless explicit.
Nagaland,GOA_COASTAL,Goa/Kochi/Mangalore/coastal city,0.55,0.3,0.15,LD_FISH_CURRY_RICE|LD_COCONUT_VEG_STEW|LD_PRAWN_CRAB_COASTAL|BF_FERMENTED_CREPE_PAN|SN_NONVEG_SNACK,Add rice-fish/coastal coconut if nonveg; veg users get coconut stew/curd rice.
Nagaland,PAN_INDIA_PG_HOSTEL,PG/hostel/corporate relocation,0.45,0.25,0.3,BF_BREAD_MODERN_FAST|LD_ONE_POT_PRESSURE|LD_OUTSIDE_DELIVERY_INDIAN|SN_MOMO_NOODLES_SNACK|DN_ONE_POT_DINNER,Higher outside/one-pot/bread/noodles; ask kitchen access before recipes.
Odisha,HOME_STATE_TIER1,Home-state major city,0.7,0.2,0.1,BF_BREAD_MODERN_FAST|LD_MODERN_SALAD_BOWL|LD_OUTSIDE_DELIVERY_INDIAN|SN_BAKERY_CAFE,Use state signature with more delivery/modern breakfast.
Odisha,HOME_STATE_TIER2,Home-state tier 2 city,0.8,0.15,0.05,BF_POHA_CHIVDA_LIGHT|LD_DAL_ROTI_SABZI|SN_TEA_BISCUIT_RUSK|DN_LIGHT_ROTI_SABZI,Use state signature strongly; lower delivery and more home food.
Odisha,MUMBAI_PUNE,Mumbai/Pune/Thane/Navi Mumbai,0.55,0.3,0.15,BF_POHA_CHIVDA_LIGHT|LD_MAHARASHTRIAN_PITLA_BHAKRI|LD_MODERN_SALAD_BOWL|SN_STREET_CHAAT|DN_LIGHT_ROTI_SABZI,"Add poha, chaat/vada-pav, office lunch, health bowl; keep home-state dinner 3-4 days."
Odisha,DELHI_NCR,Delhi NCR/Gurugram/Noida,0.55,0.3,0.15,BF_STUFFED_FLATBREAD|LD_RAJMA_CHOLE_LEGUME|LD_PANEER_RICH_GRAVY|LD_TANDOORI_GRILL_NONVEG|SN_STREET_CHAAT,Add paratha/chole/rajma/tandoori/delivery and North-style office eating.
Odisha,BENGALURU_HYD_CHENNAI,Bengaluru/Hyderabad/Chennai,0.55,0.3,0.15,BF_FERMENTED_CREPE_PAN|BF_STEAMED_FERMENTED_LIGHT|LD_SOUTH_SAMBAR_RASAM|LD_CHICKEN_BIRYANI_PULAO|LD_MODERN_SALAD_BOWL,"Add idli/dosa, rice meals, biryani where nonveg, tech-city health/delivery."
Odisha,KOLKATA_EAST,Kolkata/East metro,0.55,0.3,0.15,LD_BENGALI_VEG_DAL_BHAAT|LD_BENGALI_FISH_MEAL|SN_SWEET_REGIONAL|SN_STREET_CHAAT|BF_POHA_CHIVDA_LIGHT,"Add dal-bhaat-bhaja, fish if nonveg, sweets and chaats."
Odisha,AHMEDABAD_SURAT,Ahmedabad/Surat/Vadodara,0.55,0.3,0.15,BF_JAIN_BREAKFAST|LD_GUJARATI_THALI|LD_JAIN_NO_ROOT_MAIN|SN_STEAMED_SNACK|SN_NAMKEEN_CHIVDA,Add Gujarati/Jain/veg snack-heavy pattern; nonveg not assumed unless explicit.
Odisha,GOA_COASTAL,Goa/Kochi/Mangalore/coastal city,0.55,0.3,0.15,LD_FISH_CURRY_RICE|LD_COCONUT_VEG_STEW|LD_PRAWN_CRAB_COASTAL|BF_FERMENTED_CREPE_PAN|SN_NONVEG_SNACK,Add rice-fish/coastal coconut if nonveg; veg users get coconut stew/curd rice.
Odisha,PAN_INDIA_PG_HOSTEL,PG/hostel/corporate relocation,0.45,0.25,0.3,BF_BREAD_MODERN_FAST|LD_ONE_POT_PRESSURE|LD_OUTSIDE_DELIVERY_INDIAN|SN_MOMO_NOODLES_SNACK|DN_ONE_POT_DINNER,Higher outside/one-pot/bread/noodles; ask kitchen access before recipes.
Punjab,HOME_STATE_TIER1,Home-state major city,0.7,0.2,0.1,BF_BREAD_MODERN_FAST|LD_MODERN_SALAD_BOWL|LD_OUTSIDE_DELIVERY_INDIAN|SN_BAKERY_CAFE,Use state signature with more delivery/modern breakfast.
Punjab,HOME_STATE_TIER2,Home-state tier 2 city,0.8,0.15,0.05,BF_POHA_CHIVDA_LIGHT|LD_DAL_ROTI_SABZI|SN_TEA_BISCUIT_RUSK|DN_LIGHT_ROTI_SABZI,Use state signature strongly; lower delivery and more home food.
Punjab,MUMBAI_PUNE,Mumbai/Pune/Thane/Navi Mumbai,0.55,0.3,0.15,BF_POHA_CHIVDA_LIGHT|LD_MAHARASHTRIAN_PITLA_BHAKRI|LD_MODERN_SALAD_BOWL|SN_STREET_CHAAT|DN_LIGHT_ROTI_SABZI,"Add poha, chaat/vada-pav, office lunch, health bowl; keep home-state dinner 3-4 days."
Punjab,DELHI_NCR,Delhi NCR/Gurugram/Noida,0.55,0.3,0.15,BF_STUFFED_FLATBREAD|LD_RAJMA_CHOLE_LEGUME|LD_PANEER_RICH_GRAVY|LD_TANDOORI_GRILL_NONVEG|SN_STREET_CHAAT,Add paratha/chole/rajma/tandoori/delivery and North-style office eating.
Punjab,BENGALURU_HYD_CHENNAI,Bengaluru/Hyderabad/Chennai,0.55,0.3,0.15,BF_FERMENTED_CREPE_PAN|BF_STEAMED_FERMENTED_LIGHT|LD_SOUTH_SAMBAR_RASAM|LD_CHICKEN_BIRYANI_PULAO|LD_MODERN_SALAD_BOWL,"Add idli/dosa, rice meals, biryani where nonveg, tech-city health/delivery."
Punjab,KOLKATA_EAST,Kolkata/East metro,0.55,0.3,0.15,LD_BENGALI_VEG_DAL_BHAAT|LD_BENGALI_FISH_MEAL|SN_SWEET_REGIONAL|SN_STREET_CHAAT|BF_POHA_CHIVDA_LIGHT,"Add dal-bhaat-bhaja, fish if nonveg, sweets and chaats."
Punjab,AHMEDABAD_SURAT,Ahmedabad/Surat/Vadodara,0.55,0.3,0.15,BF_JAIN_BREAKFAST|LD_GUJARATI_THALI|LD_JAIN_NO_ROOT_MAIN|SN_STEAMED_SNACK|SN_NAMKEEN_CHIVDA,Add Gujarati/Jain/veg snack-heavy pattern; nonveg not assumed unless explicit.
Punjab,GOA_COASTAL,Goa/Kochi/Mangalore/coastal city,0.55,0.3,0.15,LD_FISH_CURRY_RICE|LD_COCONUT_VEG_STEW|LD_PRAWN_CRAB_COASTAL|BF_FERMENTED_CREPE_PAN|SN_NONVEG_SNACK,Add rice-fish/coastal coconut if nonveg; veg users get coconut stew/curd rice.
Punjab,PAN_INDIA_PG_HOSTEL,PG/hostel/corporate relocation,0.45,0.25,0.3,BF_BREAD_MODERN_FAST|LD_ONE_POT_PRESSURE|LD_OUTSIDE_DELIVERY_INDIAN|SN_MOMO_NOODLES_SNACK|DN_ONE_POT_DINNER,Higher outside/one-pot/bread/noodles; ask kitchen access before recipes.
Rajasthan,HOME_STATE_TIER1,Home-state major city,0.7,0.2,0.1,BF_BREAD_MODERN_FAST|LD_MODERN_SALAD_BOWL|LD_OUTSIDE_DELIVERY_INDIAN|SN_BAKERY_CAFE,Use state signature with more delivery/modern breakfast.
Rajasthan,HOME_STATE_TIER2,Home-state tier 2 city,0.8,0.15,0.05,BF_POHA_CHIVDA_LIGHT|LD_DAL_ROTI_SABZI|SN_TEA_BISCUIT_RUSK|DN_LIGHT_ROTI_SABZI,Use state signature strongly; lower delivery and more home food.
Rajasthan,MUMBAI_PUNE,Mumbai/Pune/Thane/Navi Mumbai,0.55,0.3,0.15,BF_POHA_CHIVDA_LIGHT|LD_MAHARASHTRIAN_PITLA_BHAKRI|LD_MODERN_SALAD_BOWL|SN_STREET_CHAAT|DN_LIGHT_ROTI_SABZI,"Add poha, chaat/vada-pav, office lunch, health bowl; keep home-state dinner 3-4 days."
Rajasthan,DELHI_NCR,Delhi NCR/Gurugram/Noida,0.55,0.3,0.15,BF_STUFFED_FLATBREAD|LD_RAJMA_CHOLE_LEGUME|LD_PANEER_RICH_GRAVY|LD_TANDOORI_GRILL_NONVEG|SN_STREET_CHAAT,Add paratha/chole/rajma/tandoori/delivery and North-style office eating.
Rajasthan,BENGALURU_HYD_CHENNAI,Bengaluru/Hyderabad/Chennai,0.55,0.3,0.15,BF_FERMENTED_CREPE_PAN|BF_STEAMED_FERMENTED_LIGHT|LD_SOUTH_SAMBAR_RASAM|LD_CHICKEN_BIRYANI_PULAO|LD_MODERN_SALAD_BOWL,"Add idli/dosa, rice meals, biryani where nonveg, tech-city health/delivery."
Rajasthan,KOLKATA_EAST,Kolkata/East metro,0.55,0.3,0.15,LD_BENGALI_VEG_DAL_BHAAT|LD_BENGALI_FISH_MEAL|SN_SWEET_REGIONAL|SN_STREET_CHAAT|BF_POHA_CHIVDA_LIGHT,"Add dal-bhaat-bhaja, fish if nonveg, sweets and chaats."
Rajasthan,AHMEDABAD_SURAT,Ahmedabad/Surat/Vadodara,0.55,0.3,0.15,BF_JAIN_BREAKFAST|LD_GUJARATI_THALI|LD_JAIN_NO_ROOT_MAIN|SN_STEAMED_SNACK|SN_NAMKEEN_CHIVDA,Add Gujarati/Jain/veg snack-heavy pattern; nonveg not assumed unless explicit.
Rajasthan,GOA_COASTAL,Goa/Kochi/Mangalore/coastal city,0.55,0.3,0.15,LD_FISH_CURRY_RICE|LD_COCONUT_VEG_STEW|LD_PRAWN_CRAB_COASTAL|BF_FERMENTED_CREPE_PAN|SN_NONVEG_SNACK,Add rice-fish/coastal coconut if nonveg; veg users get coconut stew/curd rice.
Rajasthan,PAN_INDIA_PG_HOSTEL,PG/hostel/corporate relocation,0.45,0.25,0.3,BF_BREAD_MODERN_FAST|LD_ONE_POT_PRESSURE|LD_OUTSIDE_DELIVERY_INDIAN|SN_MOMO_NOODLES_SNACK|DN_ONE_POT_DINNER,Higher outside/one-pot/bread/noodles; ask kitchen access before recipes.
Sikkim,HOME_STATE_TIER1,Home-state major city,0.7,0.2,0.1,BF_BREAD_MODERN_FAST|LD_MODERN_SALAD_BOWL|LD_OUTSIDE_DELIVERY_INDIAN|SN_BAKERY_CAFE,Use state signature with more delivery/modern breakfast.
Sikkim,HOME_STATE_TIER2,Home-state tier 2 city,0.8,0.15,0.05,BF_POHA_CHIVDA_LIGHT|LD_DAL_ROTI_SABZI|SN_TEA_BISCUIT_RUSK|DN_LIGHT_ROTI_SABZI,Use state signature strongly; lower delivery and more home food.
Sikkim,MUMBAI_PUNE,Mumbai/Pune/Thane/Navi Mumbai,0.55,0.3,0.15,BF_POHA_CHIVDA_LIGHT|LD_MAHARASHTRIAN_PITLA_BHAKRI|LD_MODERN_SALAD_BOWL|SN_STREET_CHAAT|DN_LIGHT_ROTI_SABZI,"Add poha, chaat/vada-pav, office lunch, health bowl; keep home-state dinner 3-4 days."
Sikkim,DELHI_NCR,Delhi NCR/Gurugram/Noida,0.55,0.3,0.15,BF_STUFFED_FLATBREAD|LD_RAJMA_CHOLE_LEGUME|LD_PANEER_RICH_GRAVY|LD_TANDOORI_GRILL_NONVEG|SN_STREET_CHAAT,Add paratha/chole/rajma/tandoori/delivery and North-style office eating.
Sikkim,BENGALURU_HYD_CHENNAI,Bengaluru/Hyderabad/Chennai,0.55,0.3,0.15,BF_FERMENTED_CREPE_PAN|BF_STEAMED_FERMENTED_LIGHT|LD_SOUTH_SAMBAR_RASAM|LD_CHICKEN_BIRYANI_PULAO|LD_MODERN_SALAD_BOWL,"Add idli/dosa, rice meals, biryani where nonveg, tech-city health/delivery."
Sikkim,KOLKATA_EAST,Kolkata/East metro,0.55,0.3,0.15,LD_BENGALI_VEG_DAL_BHAAT|LD_BENGALI_FISH_MEAL|SN_SWEET_REGIONAL|SN_STREET_CHAAT|BF_POHA_CHIVDA_LIGHT,"Add dal-bhaat-bhaja, fish if nonveg, sweets and chaats."
Sikkim,AHMEDABAD_SURAT,Ahmedabad/Surat/Vadodara,0.55,0.3,0.15,BF_JAIN_BREAKFAST|LD_GUJARATI_THALI|LD_JAIN_NO_ROOT_MAIN|SN_STEAMED_SNACK|SN_NAMKEEN_CHIVDA,Add Gujarati/Jain/veg snack-heavy pattern; nonveg not assumed unless explicit.
Sikkim,GOA_COASTAL,Goa/Kochi/Mangalore/coastal city,0.55,0.3,0.15,LD_FISH_CURRY_RICE|LD_COCONUT_VEG_STEW|LD_PRAWN_CRAB_COASTAL|BF_FERMENTED_CREPE_PAN|SN_NONVEG_SNACK,Add rice-fish/coastal coconut if nonveg; veg users get coconut stew/curd rice.
Sikkim,PAN_INDIA_PG_HOSTEL,PG/hostel/corporate relocation,0.45,0.25,0.3,BF_BREAD_MODERN_FAST|LD_ONE_POT_PRESSURE|LD_OUTSIDE_DELIVERY_INDIAN|SN_MOMO_NOODLES_SNACK|DN_ONE_POT_DINNER,Higher outside/one-pot/bread/noodles; ask kitchen access before recipes.
Tamil Nadu,HOME_STATE_TIER1,Home-state major city,0.7,0.2,0.1,BF_BREAD_MODERN_FAST|LD_MODERN_SALAD_BOWL|LD_OUTSIDE_DELIVERY_INDIAN|SN_BAKERY_CAFE,Use state signature with more delivery/modern breakfast.
Tamil Nadu,HOME_STATE_TIER2,Home-state tier 2 city,0.8,0.15,0.05,BF_POHA_CHIVDA_LIGHT|LD_DAL_ROTI_SABZI|SN_TEA_BISCUIT_RUSK|DN_LIGHT_ROTI_SABZI,Use state signature strongly; lower delivery and more home food.
Tamil Nadu,MUMBAI_PUNE,Mumbai/Pune/Thane/Navi Mumbai,0.55,0.3,0.15,BF_POHA_CHIVDA_LIGHT|LD_MAHARASHTRIAN_PITLA_BHAKRI|LD_MODERN_SALAD_BOWL|SN_STREET_CHAAT|DN_LIGHT_ROTI_SABZI,"Add poha, chaat/vada-pav, office lunch, health bowl; keep home-state dinner 3-4 days."
Tamil Nadu,DELHI_NCR,Delhi NCR/Gurugram/Noida,0.55,0.3,0.15,BF_STUFFED_FLATBREAD|LD_RAJMA_CHOLE_LEGUME|LD_PANEER_RICH_GRAVY|LD_TANDOORI_GRILL_NONVEG|SN_STREET_CHAAT,Add paratha/chole/rajma/tandoori/delivery and North-style office eating.
Tamil Nadu,BENGALURU_HYD_CHENNAI,Bengaluru/Hyderabad/Chennai,0.55,0.3,0.15,BF_FERMENTED_CREPE_PAN|BF_STEAMED_FERMENTED_LIGHT|LD_SOUTH_SAMBAR_RASAM|LD_CHICKEN_BIRYANI_PULAO|LD_MODERN_SALAD_BOWL,"Add idli/dosa, rice meals, biryani where nonveg, tech-city health/delivery."
Tamil Nadu,KOLKATA_EAST,Kolkata/East metro,0.55,0.3,0.15,LD_BENGALI_VEG_DAL_BHAAT|LD_BENGALI_FISH_MEAL|SN_SWEET_REGIONAL|SN_STREET_CHAAT|BF_POHA_CHIVDA_LIGHT,"Add dal-bhaat-bhaja, fish if nonveg, sweets and chaats."
Tamil Nadu,AHMEDABAD_SURAT,Ahmedabad/Surat/Vadodara,0.55,0.3,0.15,BF_JAIN_BREAKFAST|LD_GUJARATI_THALI|LD_JAIN_NO_ROOT_MAIN|SN_STEAMED_SNACK|SN_NAMKEEN_CHIVDA,Add Gujarati/Jain/veg snack-heavy pattern; nonveg not assumed unless explicit.
Tamil Nadu,GOA_COASTAL,Goa/Kochi/Mangalore/coastal city,0.55,0.3,0.15,LD_FISH_CURRY_RICE|LD_COCONUT_VEG_STEW|LD_PRAWN_CRAB_COASTAL|BF_FERMENTED_CREPE_PAN|SN_NONVEG_SNACK,Add rice-fish/coastal coconut if nonveg; veg users get coconut stew/curd rice.
Tamil Nadu,PAN_INDIA_PG_HOSTEL,PG/hostel/corporate relocation,0.45,0.25,0.3,BF_BREAD_MODERN_FAST|LD_ONE_POT_PRESSURE|LD_OUTSIDE_DELIVERY_INDIAN|SN_MOMO_NOODLES_SNACK|DN_ONE_POT_DINNER,Higher outside/one-pot/bread/noodles; ask kitchen access before recipes.
Telangana,HOME_STATE_TIER1,Home-state major city,0.7,0.2,0.1,BF_BREAD_MODERN_FAST|LD_MODERN_SALAD_BOWL|LD_OUTSIDE_DELIVERY_INDIAN|SN_BAKERY_CAFE,Use state signature with more delivery/modern breakfast.
Telangana,HOME_STATE_TIER2,Home-state tier 2 city,0.8,0.15,0.05,BF_POHA_CHIVDA_LIGHT|LD_DAL_ROTI_SABZI|SN_TEA_BISCUIT_RUSK|DN_LIGHT_ROTI_SABZI,Use state signature strongly; lower delivery and more home food.
Telangana,MUMBAI_PUNE,Mumbai/Pune/Thane/Navi Mumbai,0.55,0.3,0.15,BF_POHA_CHIVDA_LIGHT|LD_MAHARASHTRIAN_PITLA_BHAKRI|LD_MODERN_SALAD_BOWL|SN_STREET_CHAAT|DN_LIGHT_ROTI_SABZI,"Add poha, chaat/vada-pav, office lunch, health bowl; keep home-state dinner 3-4 days."
Telangana,DELHI_NCR,Delhi NCR/Gurugram/Noida,0.55,0.3,0.15,BF_STUFFED_FLATBREAD|LD_RAJMA_CHOLE_LEGUME|LD_PANEER_RICH_GRAVY|LD_TANDOORI_GRILL_NONVEG|SN_STREET_CHAAT,Add paratha/chole/rajma/tandoori/delivery and North-style office eating.
Telangana,BENGALURU_HYD_CHENNAI,Bengaluru/Hyderabad/Chennai,0.55,0.3,0.15,BF_FERMENTED_CREPE_PAN|BF_STEAMED_FERMENTED_LIGHT|LD_SOUTH_SAMBAR_RASAM|LD_CHICKEN_BIRYANI_PULAO|LD_MODERN_SALAD_BOWL,"Add idli/dosa, rice meals, biryani where nonveg, tech-city health/delivery."
Telangana,KOLKATA_EAST,Kolkata/East metro,0.55,0.3,0.15,LD_BENGALI_VEG_DAL_BHAAT|LD_BENGALI_FISH_MEAL|SN_SWEET_REGIONAL|SN_STREET_CHAAT|BF_POHA_CHIVDA_LIGHT,"Add dal-bhaat-bhaja, fish if nonveg, sweets and chaats."
Telangana,AHMEDABAD_SURAT,Ahmedabad/Surat/Vadodara,0.55,0.3,0.15,BF_JAIN_BREAKFAST|LD_GUJARATI_THALI|LD_JAIN_NO_ROOT_MAIN|SN_STEAMED_SNACK|SN_NAMKEEN_CHIVDA,Add Gujarati/Jain/veg snack-heavy pattern; nonveg not assumed unless explicit.
Telangana,GOA_COASTAL,Goa/Kochi/Mangalore/coastal city,0.55,0.3,0.15,LD_FISH_CURRY_RICE|LD_COCONUT_VEG_STEW|LD_PRAWN_CRAB_COASTAL|BF_FERMENTED_CREPE_PAN|SN_NONVEG_SNACK,Add rice-fish/coastal coconut if nonveg; veg users get coconut stew/curd rice.
Telangana,PAN_INDIA_PG_HOSTEL,PG/hostel/corporate relocation,0.45,0.25,0.3,BF_BREAD_MODERN_FAST|LD_ONE_POT_PRESSURE|LD_OUTSIDE_DELIVERY_INDIAN|SN_MOMO_NOODLES_SNACK|DN_ONE_POT_DINNER,Higher outside/one-pot/bread/noodles; ask kitchen access before recipes.
Tripura,HOME_STATE_TIER1,Home-state major city,0.7,0.2,0.1,BF_BREAD_MODERN_FAST|LD_MODERN_SALAD_BOWL|LD_OUTSIDE_DELIVERY_INDIAN|SN_BAKERY_CAFE,Use state signature with more delivery/modern breakfast.
Tripura,HOME_STATE_TIER2,Home-state tier 2 city,0.8,0.15,0.05,BF_POHA_CHIVDA_LIGHT|LD_DAL_ROTI_SABZI|SN_TEA_BISCUIT_RUSK|DN_LIGHT_ROTI_SABZI,Use state signature strongly; lower delivery and more home food.
Tripura,MUMBAI_PUNE,Mumbai/Pune/Thane/Navi Mumbai,0.55,0.3,0.15,BF_POHA_CHIVDA_LIGHT|LD_MAHARASHTRIAN_PITLA_BHAKRI|LD_MODERN_SALAD_BOWL|SN_STREET_CHAAT|DN_LIGHT_ROTI_SABZI,"Add poha, chaat/vada-pav, office lunch, health bowl; keep home-state dinner 3-4 days."
Tripura,DELHI_NCR,Delhi NCR/Gurugram/Noida,0.55,0.3,0.15,BF_STUFFED_FLATBREAD|LD_RAJMA_CHOLE_LEGUME|LD_PANEER_RICH_GRAVY|LD_TANDOORI_GRILL_NONVEG|SN_STREET_CHAAT,Add paratha/chole/rajma/tandoori/delivery and North-style office eating.
Tripura,BENGALURU_HYD_CHENNAI,Bengaluru/Hyderabad/Chennai,0.55,0.3,0.15,BF_FERMENTED_CREPE_PAN|BF_STEAMED_FERMENTED_LIGHT|LD_SOUTH_SAMBAR_RASAM|LD_CHICKEN_BIRYANI_PULAO|LD_MODERN_SALAD_BOWL,"Add idli/dosa, rice meals, biryani where nonveg, tech-city health/delivery."
Tripura,KOLKATA_EAST,Kolkata/East metro,0.55,0.3,0.15,LD_BENGALI_VEG_DAL_BHAAT|LD_BENGALI_FISH_MEAL|SN_SWEET_REGIONAL|SN_STREET_CHAAT|BF_POHA_CHIVDA_LIGHT,"Add dal-bhaat-bhaja, fish if nonveg, sweets and chaats."
Tripura,AHMEDABAD_SURAT,Ahmedabad/Surat/Vadodara,0.55,0.3,0.15,BF_JAIN_BREAKFAST|LD_GUJARATI_THALI|LD_JAIN_NO_ROOT_MAIN|SN_STEAMED_SNACK|SN_NAMKEEN_CHIVDA,Add Gujarati/Jain/veg snack-heavy pattern; nonveg not assumed unless explicit.
Tripura,GOA_COASTAL,Goa/Kochi/Mangalore/coastal city,0.55,0.3,0.15,LD_FISH_CURRY_RICE|LD_COCONUT_VEG_STEW|LD_PRAWN_CRAB_COASTAL|BF_FERMENTED_CREPE_PAN|SN_NONVEG_SNACK,Add rice-fish/coastal coconut if nonveg; veg users get coconut stew/curd rice.
Tripura,PAN_INDIA_PG_HOSTEL,PG/hostel/corporate relocation,0.45,0.25,0.3,BF_BREAD_MODERN_FAST|LD_ONE_POT_PRESSURE|LD_OUTSIDE_DELIVERY_INDIAN|SN_MOMO_NOODLES_SNACK|DN_ONE_POT_DINNER,Higher outside/one-pot/bread/noodles; ask kitchen access before recipes.
Uttar Pradesh,HOME_STATE_TIER1,Home-state major city,0.7,0.2,0.1,BF_BREAD_MODERN_FAST|LD_MODERN_SALAD_BOWL|LD_OUTSIDE_DELIVERY_INDIAN|SN_BAKERY_CAFE,Use state signature with more delivery/modern breakfast.
Uttar Pradesh,HOME_STATE_TIER2,Home-state tier 2 city,0.8,0.15,0.05,BF_POHA_CHIVDA_LIGHT|LD_DAL_ROTI_SABZI|SN_TEA_BISCUIT_RUSK|DN_LIGHT_ROTI_SABZI,Use state signature strongly; lower delivery and more home food.
Uttar Pradesh,MUMBAI_PUNE,Mumbai/Pune/Thane/Navi Mumbai,0.55,0.3,0.15,BF_POHA_CHIVDA_LIGHT|LD_MAHARASHTRIAN_PITLA_BHAKRI|LD_MODERN_SALAD_BOWL|SN_STREET_CHAAT|DN_LIGHT_ROTI_SABZI,"Add poha, chaat/vada-pav, office lunch, health bowl; keep home-state dinner 3-4 days."
Uttar Pradesh,DELHI_NCR,Delhi NCR/Gurugram/Noida,0.55,0.3,0.15,BF_STUFFED_FLATBREAD|LD_RAJMA_CHOLE_LEGUME|LD_PANEER_RICH_GRAVY|LD_TANDOORI_GRILL_NONVEG|SN_STREET_CHAAT,Add paratha/chole/rajma/tandoori/delivery and North-style office eating.
Uttar Pradesh,BENGALURU_HYD_CHENNAI,Bengaluru/Hyderabad/Chennai,0.55,0.3,0.15,BF_FERMENTED_CREPE_PAN|BF_STEAMED_FERMENTED_LIGHT|LD_SOUTH_SAMBAR_RASAM|LD_CHICKEN_BIRYANI_PULAO|LD_MODERN_SALAD_BOWL,"Add idli/dosa, rice meals, biryani where nonveg, tech-city health/delivery."
Uttar Pradesh,KOLKATA_EAST,Kolkata/East metro,0.55,0.3,0.15,LD_BENGALI_VEG_DAL_BHAAT|LD_BENGALI_FISH_MEAL|SN_SWEET_REGIONAL|SN_STREET_CHAAT|BF_POHA_CHIVDA_LIGHT,"Add dal-bhaat-bhaja, fish if nonveg, sweets and chaats."
Uttar Pradesh,AHMEDABAD_SURAT,Ahmedabad/Surat/Vadodara,0.55,0.3,0.15,BF_JAIN_BREAKFAST|LD_GUJARATI_THALI|LD_JAIN_NO_ROOT_MAIN|SN_STEAMED_SNACK|SN_NAMKEEN_CHIVDA,Add Gujarati/Jain/veg snack-heavy pattern; nonveg not assumed unless explicit.
Uttar Pradesh,GOA_COASTAL,Goa/Kochi/Mangalore/coastal city,0.55,0.3,0.15,LD_FISH_CURRY_RICE|LD_COCONUT_VEG_STEW|LD_PRAWN_CRAB_COASTAL|BF_FERMENTED_CREPE_PAN|SN_NONVEG_SNACK,Add rice-fish/coastal coconut if nonveg; veg users get coconut stew/curd rice.
Uttar Pradesh,PAN_INDIA_PG_HOSTEL,PG/hostel/corporate relocation,0.45,0.25,0.3,BF_BREAD_MODERN_FAST|LD_ONE_POT_PRESSURE|LD_OUTSIDE_DELIVERY_INDIAN|SN_MOMO_NOODLES_SNACK|DN_ONE_POT_DINNER,Higher outside/one-pot/bread/noodles; ask kitchen access before recipes.
Uttarakhand,HOME_STATE_TIER1,Home-state major city,0.7,0.2,0.1,BF_BREAD_MODERN_FAST|LD_MODERN_SALAD_BOWL|LD_OUTSIDE_DELIVERY_INDIAN|SN_BAKERY_CAFE,Use state signature with more delivery/modern breakfast.
Uttarakhand,HOME_STATE_TIER2,Home-state tier 2 city,0.8,0.15,0.05,BF_POHA_CHIVDA_LIGHT|LD_DAL_ROTI_SABZI|SN_TEA_BISCUIT_RUSK|DN_LIGHT_ROTI_SABZI,Use state signature strongly; lower delivery and more home food.
Uttarakhand,MUMBAI_PUNE,Mumbai/Pune/Thane/Navi Mumbai,0.55,0.3,0.15,BF_POHA_CHIVDA_LIGHT|LD_MAHARASHTRIAN_PITLA_BHAKRI|LD_MODERN_SALAD_BOWL|SN_STREET_CHAAT|DN_LIGHT_ROTI_SABZI,"Add poha, chaat/vada-pav, office lunch, health bowl; keep home-state dinner 3-4 days."
Uttarakhand,DELHI_NCR,Delhi NCR/Gurugram/Noida,0.55,0.3,0.15,BF_STUFFED_FLATBREAD|LD_RAJMA_CHOLE_LEGUME|LD_PANEER_RICH_GRAVY|LD_TANDOORI_GRILL_NONVEG|SN_STREET_CHAAT,Add paratha/chole/rajma/tandoori/delivery and North-style office eating.
Uttarakhand,BENGALURU_HYD_CHENNAI,Bengaluru/Hyderabad/Chennai,0.55,0.3,0.15,BF_FERMENTED_CREPE_PAN|BF_STEAMED_FERMENTED_LIGHT|LD_SOUTH_SAMBAR_RASAM|LD_CHICKEN_BIRYANI_PULAO|LD_MODERN_SALAD_BOWL,"Add idli/dosa, rice meals, biryani where nonveg, tech-city health/delivery."
Uttarakhand,KOLKATA_EAST,Kolkata/East metro,0.55,0.3,0.15,LD_BENGALI_VEG_DAL_BHAAT|LD_BENGALI_FISH_MEAL|SN_SWEET_REGIONAL|SN_STREET_CHAAT|BF_POHA_CHIVDA_LIGHT,"Add dal-bhaat-bhaja, fish if nonveg, sweets and chaats."
Uttarakhand,AHMEDABAD_SURAT,Ahmedabad/Surat/Vadodara,0.55,0.3,0.15,BF_JAIN_BREAKFAST|LD_GUJARATI_THALI|LD_JAIN_NO_ROOT_MAIN|SN_STEAMED_SNACK|SN_NAMKEEN_CHIVDA,Add Gujarati/Jain/veg snack-heavy pattern; nonveg not assumed unless explicit.
Uttarakhand,GOA_COASTAL,Goa/Kochi/Mangalore/coastal city,0.55,0.3,0.15,LD_FISH_CURRY_RICE|LD_COCONUT_VEG_STEW|LD_PRAWN_CRAB_COASTAL|BF_FERMENTED_CREPE_PAN|SN_NONVEG_SNACK,Add rice-fish/coastal coconut if nonveg; veg users get coconut stew/curd rice.
Uttarakhand,PAN_INDIA_PG_HOSTEL,PG/hostel/corporate relocation,0.45,0.25,0.3,BF_BREAD_MODERN_FAST|LD_ONE_POT_PRESSURE|LD_OUTSIDE_DELIVERY_INDIAN|SN_MOMO_NOODLES_SNACK|DN_ONE_POT_DINNER,Higher outside/one-pot/bread/noodles; ask kitchen access before recipes.
West Bengal,HOME_STATE_TIER1,Home-state major city,0.7,0.2,0.1,BF_BREAD_MODERN_FAST|LD_MODERN_SALAD_BOWL|LD_OUTSIDE_DELIVERY_INDIAN|SN_BAKERY_CAFE,Use state signature with more delivery/modern breakfast.
West Bengal,HOME_STATE_TIER2,Home-state tier 2 city,0.8,0.15,0.05,BF_POHA_CHIVDA_LIGHT|LD_DAL_ROTI_SABZI|SN_TEA_BISCUIT_RUSK|DN_LIGHT_ROTI_SABZI,Use state signature strongly; lower delivery and more home food.
West Bengal,MUMBAI_PUNE,Mumbai/Pune/Thane/Navi Mumbai,0.55,0.3,0.15,BF_POHA_CHIVDA_LIGHT|LD_MAHARASHTRIAN_PITLA_BHAKRI|LD_MODERN_SALAD_BOWL|SN_STREET_CHAAT|DN_LIGHT_ROTI_SABZI,"Add poha, chaat/vada-pav, office lunch, health bowl; keep home-state dinner 3-4 days."
West Bengal,DELHI_NCR,Delhi NCR/Gurugram/Noida,0.55,0.3,0.15,BF_STUFFED_FLATBREAD|LD_RAJMA_CHOLE_LEGUME|LD_PANEER_RICH_GRAVY|LD_TANDOORI_GRILL_NONVEG|SN_STREET_CHAAT,Add paratha/chole/rajma/tandoori/delivery and North-style office eating.
West Bengal,BENGALURU_HYD_CHENNAI,Bengaluru/Hyderabad/Chennai,0.55,0.3,0.15,BF_FERMENTED_CREPE_PAN|BF_STEAMED_FERMENTED_LIGHT|LD_SOUTH_SAMBAR_RASAM|LD_CHICKEN_BIRYANI_PULAO|LD_MODERN_SALAD_BOWL,"Add idli/dosa, rice meals, biryani where nonveg, tech-city health/delivery."
West Bengal,KOLKATA_EAST,Kolkata/East metro,0.55,0.3,0.15,LD_BENGALI_VEG_DAL_BHAAT|LD_BENGALI_FISH_MEAL|SN_SWEET_REGIONAL|SN_STREET_CHAAT|BF_POHA_CHIVDA_LIGHT,"Add dal-bhaat-bhaja, fish if nonveg, sweets and chaats."
West Bengal,AHMEDABAD_SURAT,Ahmedabad/Surat/Vadodara,0.55,0.3,0.15,BF_JAIN_BREAKFAST|LD_GUJARATI_THALI|LD_JAIN_NO_ROOT_MAIN|SN_STEAMED_SNACK|SN_NAMKEEN_CHIVDA,Add Gujarati/Jain/veg snack-heavy pattern; nonveg not assumed unless explicit.
West Bengal,GOA_COASTAL,Goa/Kochi/Mangalore/coastal city,0.55,0.3,0.15,LD_FISH_CURRY_RICE|LD_COCONUT_VEG_STEW|LD_PRAWN_CRAB_COASTAL|BF_FERMENTED_CREPE_PAN|SN_NONVEG_SNACK,Add rice-fish/coastal coconut if nonveg; veg users get coconut stew/curd rice.
West Bengal,PAN_INDIA_PG_HOSTEL,PG/hostel/corporate relocation,0.45,0.25,0.3,BF_BREAD_MODERN_FAST|LD_ONE_POT_PRESSURE|LD_OUTSIDE_DELIVERY_INDIAN|SN_MOMO_NOODLES_SNACK|DN_ONE_POT_DINNER,Higher outside/one-pot/bread/noodles; ask kitchen access before recipes.
Andaman & Nicobar Islands,HOME_STATE_TIER1,Home-state major city,0.7,0.2,0.1,BF_BREAD_MODERN_FAST|LD_MODERN_SALAD_BOWL|LD_OUTSIDE_DELIVERY_INDIAN|SN_BAKERY_CAFE,Use state signature with more delivery/modern breakfast.
Andaman & Nicobar Islands,HOME_STATE_TIER2,Home-state tier 2 city,0.8,0.15,0.05,BF_POHA_CHIVDA_LIGHT|LD_DAL_ROTI_SABZI|SN_TEA_BISCUIT_RUSK|DN_LIGHT_ROTI_SABZI,Use state signature strongly; lower delivery and more home food.
Andaman & Nicobar Islands,MUMBAI_PUNE,Mumbai/Pune/Thane/Navi Mumbai,0.55,0.3,0.15,BF_POHA_CHIVDA_LIGHT|LD_MAHARASHTRIAN_PITLA_BHAKRI|LD_MODERN_SALAD_BOWL|SN_STREET_CHAAT|DN_LIGHT_ROTI_SABZI,"Add poha, chaat/vada-pav, office lunch, health bowl; keep home-state dinner 3-4 days."
Andaman & Nicobar Islands,DELHI_NCR,Delhi NCR/Gurugram/Noida,0.55,0.3,0.15,BF_STUFFED_FLATBREAD|LD_RAJMA_CHOLE_LEGUME|LD_PANEER_RICH_GRAVY|LD_TANDOORI_GRILL_NONVEG|SN_STREET_CHAAT,Add paratha/chole/rajma/tandoori/delivery and North-style office eating.
Andaman & Nicobar Islands,BENGALURU_HYD_CHENNAI,Bengaluru/Hyderabad/Chennai,0.55,0.3,0.15,BF_FERMENTED_CREPE_PAN|BF_STEAMED_FERMENTED_LIGHT|LD_SOUTH_SAMBAR_RASAM|LD_CHICKEN_BIRYANI_PULAO|LD_MODERN_SALAD_BOWL,"Add idli/dosa, rice meals, biryani where nonveg, tech-city health/delivery."
Andaman & Nicobar Islands,KOLKATA_EAST,Kolkata/East metro,0.55,0.3,0.15,LD_BENGALI_VEG_DAL_BHAAT|LD_BENGALI_FISH_MEAL|SN_SWEET_REGIONAL|SN_STREET_CHAAT|BF_POHA_CHIVDA_LIGHT,"Add dal-bhaat-bhaja, fish if nonveg, sweets and chaats."
Andaman & Nicobar Islands,AHMEDABAD_SURAT,Ahmedabad/Surat/Vadodara,0.55,0.3,0.15,BF_JAIN_BREAKFAST|LD_GUJARATI_THALI|LD_JAIN_NO_ROOT_MAIN|SN_STEAMED_SNACK|SN_NAMKEEN_CHIVDA,Add Gujarati/Jain/veg snack-heavy pattern; nonveg not assumed unless explicit.
Andaman & Nicobar Islands,GOA_COASTAL,Goa/Kochi/Mangalore/coastal city,0.55,0.3,0.15,LD_FISH_CURRY_RICE|LD_COCONUT_VEG_STEW|LD_PRAWN_CRAB_COASTAL|BF_FERMENTED_CREPE_PAN|SN_NONVEG_SNACK,Add rice-fish/coastal coconut if nonveg; veg users get coconut stew/curd rice.
Andaman & Nicobar Islands,PAN_INDIA_PG_HOSTEL,PG/hostel/corporate relocation,0.45,0.25,0.3,BF_BREAD_MODERN_FAST|LD_ONE_POT_PRESSURE|LD_OUTSIDE_DELIVERY_INDIAN|SN_MOMO_NOODLES_SNACK|DN_ONE_POT_DINNER,Higher outside/one-pot/bread/noodles; ask kitchen access before recipes.
Chandigarh,HOME_STATE_TIER1,Home-state major city,0.7,0.2,0.1,BF_BREAD_MODERN_FAST|LD_MODERN_SALAD_BOWL|LD_OUTSIDE_DELIVERY_INDIAN|SN_BAKERY_CAFE,Use state signature with more delivery/modern breakfast.
Chandigarh,HOME_STATE_TIER2,Home-state tier 2 city,0.8,0.15,0.05,BF_POHA_CHIVDA_LIGHT|LD_DAL_ROTI_SABZI|SN_TEA_BISCUIT_RUSK|DN_LIGHT_ROTI_SABZI,Use state signature strongly; lower delivery and more home food.
Chandigarh,MUMBAI_PUNE,Mumbai/Pune/Thane/Navi Mumbai,0.55,0.3,0.15,BF_POHA_CHIVDA_LIGHT|LD_MAHARASHTRIAN_PITLA_BHAKRI|LD_MODERN_SALAD_BOWL|SN_STREET_CHAAT|DN_LIGHT_ROTI_SABZI,"Add poha, chaat/vada-pav, office lunch, health bowl; keep home-state dinner 3-4 days."
Chandigarh,DELHI_NCR,Delhi NCR/Gurugram/Noida,0.55,0.3,0.15,BF_STUFFED_FLATBREAD|LD_RAJMA_CHOLE_LEGUME|LD_PANEER_RICH_GRAVY|LD_TANDOORI_GRILL_NONVEG|SN_STREET_CHAAT,Add paratha/chole/rajma/tandoori/delivery and North-style office eating.
Chandigarh,BENGALURU_HYD_CHENNAI,Bengaluru/Hyderabad/Chennai,0.55,0.3,0.15,BF_FERMENTED_CREPE_PAN|BF_STEAMED_FERMENTED_LIGHT|LD_SOUTH_SAMBAR_RASAM|LD_CHICKEN_BIRYANI_PULAO|LD_MODERN_SALAD_BOWL,"Add idli/dosa, rice meals, biryani where nonveg, tech-city health/delivery."
Chandigarh,KOLKATA_EAST,Kolkata/East metro,0.55,0.3,0.15,LD_BENGALI_VEG_DAL_BHAAT|LD_BENGALI_FISH_MEAL|SN_SWEET_REGIONAL|SN_STREET_CHAAT|BF_POHA_CHIVDA_LIGHT,"Add dal-bhaat-bhaja, fish if nonveg, sweets and chaats."
Chandigarh,AHMEDABAD_SURAT,Ahmedabad/Surat/Vadodara,0.55,0.3,0.15,BF_JAIN_BREAKFAST|LD_GUJARATI_THALI|LD_JAIN_NO_ROOT_MAIN|SN_STEAMED_SNACK|SN_NAMKEEN_CHIVDA,Add Gujarati/Jain/veg snack-heavy pattern; nonveg not assumed unless explicit.
Chandigarh,GOA_COASTAL,Goa/Kochi/Mangalore/coastal city,0.55,0.3,0.15,LD_FISH_CURRY_RICE|LD_COCONUT_VEG_STEW|LD_PRAWN_CRAB_COASTAL|BF_FERMENTED_CREPE_PAN|SN_NONVEG_SNACK,Add rice-fish/coastal coconut if nonveg; veg users get coconut stew/curd rice.
Chandigarh,PAN_INDIA_PG_HOSTEL,PG/hostel/corporate relocation,0.45,0.25,0.3,BF_BREAD_MODERN_FAST|LD_ONE_POT_PRESSURE|LD_OUTSIDE_DELIVERY_INDIAN|SN_MOMO_NOODLES_SNACK|DN_ONE_POT_DINNER,Higher outside/one-pot/bread/noodles; ask kitchen access before recipes.
Dadra & Nagar Haveli and Daman & Diu,HOME_STATE_TIER1,Home-state major city,0.7,0.2,0.1,BF_BREAD_MODERN_FAST|LD_MODERN_SALAD_BOWL|LD_OUTSIDE_DELIVERY_INDIAN|SN_BAKERY_CAFE,Use state signature with more delivery/modern breakfast.
Dadra & Nagar Haveli and Daman & Diu,HOME_STATE_TIER2,Home-state tier 2 city,0.8,0.15,0.05,BF_POHA_CHIVDA_LIGHT|LD_DAL_ROTI_SABZI|SN_TEA_BISCUIT_RUSK|DN_LIGHT_ROTI_SABZI,Use state signature strongly; lower delivery and more home food.
Dadra & Nagar Haveli and Daman & Diu,MUMBAI_PUNE,Mumbai/Pune/Thane/Navi Mumbai,0.55,0.3,0.15,BF_POHA_CHIVDA_LIGHT|LD_MAHARASHTRIAN_PITLA_BHAKRI|LD_MODERN_SALAD_BOWL|SN_STREET_CHAAT|DN_LIGHT_ROTI_SABZI,"Add poha, chaat/vada-pav, office lunch, health bowl; keep home-state dinner 3-4 days."
Dadra & Nagar Haveli and Daman & Diu,DELHI_NCR,Delhi NCR/Gurugram/Noida,0.55,0.3,0.15,BF_STUFFED_FLATBREAD|LD_RAJMA_CHOLE_LEGUME|LD_PANEER_RICH_GRAVY|LD_TANDOORI_GRILL_NONVEG|SN_STREET_CHAAT,Add paratha/chole/rajma/tandoori/delivery and North-style office eating.
Dadra & Nagar Haveli and Daman & Diu,BENGALURU_HYD_CHENNAI,Bengaluru/Hyderabad/Chennai,0.55,0.3,0.15,BF_FERMENTED_CREPE_PAN|BF_STEAMED_FERMENTED_LIGHT|LD_SOUTH_SAMBAR_RASAM|LD_CHICKEN_BIRYANI_PULAO|LD_MODERN_SALAD_BOWL,"Add idli/dosa, rice meals, biryani where nonveg, tech-city health/delivery."
Dadra & Nagar Haveli and Daman & Diu,KOLKATA_EAST,Kolkata/East metro,0.55,0.3,0.15,LD_BENGALI_VEG_DAL_BHAAT|LD_BENGALI_FISH_MEAL|SN_SWEET_REGIONAL|SN_STREET_CHAAT|BF_POHA_CHIVDA_LIGHT,"Add dal-bhaat-bhaja, fish if nonveg, sweets and chaats."
Dadra & Nagar Haveli and Daman & Diu,AHMEDABAD_SURAT,Ahmedabad/Surat/Vadodara,0.55,0.3,0.15,BF_JAIN_BREAKFAST|LD_GUJARATI_THALI|LD_JAIN_NO_ROOT_MAIN|SN_STEAMED_SNACK|SN_NAMKEEN_CHIVDA,Add Gujarati/Jain/veg snack-heavy pattern; nonveg not assumed unless explicit.
Dadra & Nagar Haveli and Daman & Diu,GOA_COASTAL,Goa/Kochi/Mangalore/coastal city,0.55,0.3,0.15,LD_FISH_CURRY_RICE|LD_COCONUT_VEG_STEW|LD_PRAWN_CRAB_COASTAL|BF_FERMENTED_CREPE_PAN|SN_NONVEG_SNACK,Add rice-fish/coastal coconut if nonveg; veg users get coconut stew/curd rice.
Dadra & Nagar Haveli and Daman & Diu,PAN_INDIA_PG_HOSTEL,PG/hostel/corporate relocation,0.45,0.25,0.3,BF_BREAD_MODERN_FAST|LD_ONE_POT_PRESSURE|LD_OUTSIDE_DELIVERY_INDIAN|SN_MOMO_NOODLES_SNACK|DN_ONE_POT_DINNER,Higher outside/one-pot/bread/noodles; ask kitchen access before recipes.
Delhi,HOME_STATE_TIER1,Home-state major city,0.7,0.2,0.1,BF_BREAD_MODERN_FAST|LD_MODERN_SALAD_BOWL|LD_OUTSIDE_DELIVERY_INDIAN|SN_BAKERY_CAFE,Use state signature with more delivery/modern breakfast.
Delhi,HOME_STATE_TIER2,Home-state tier 2 city,0.8,0.15,0.05,BF_POHA_CHIVDA_LIGHT|LD_DAL_ROTI_SABZI|SN_TEA_BISCUIT_RUSK|DN_LIGHT_ROTI_SABZI,Use state signature strongly; lower delivery and more home food.
Delhi,MUMBAI_PUNE,Mumbai/Pune/Thane/Navi Mumbai,0.55,0.3,0.15,BF_POHA_CHIVDA_LIGHT|LD_MAHARASHTRIAN_PITLA_BHAKRI|LD_MODERN_SALAD_BOWL|SN_STREET_CHAAT|DN_LIGHT_ROTI_SABZI,"Add poha, chaat/vada-pav, office lunch, health bowl; keep home-state dinner 3-4 days."
Delhi,DELHI_NCR,Delhi NCR/Gurugram/Noida,0.55,0.3,0.15,BF_STUFFED_FLATBREAD|LD_RAJMA_CHOLE_LEGUME|LD_PANEER_RICH_GRAVY|LD_TANDOORI_GRILL_NONVEG|SN_STREET_CHAAT,Add paratha/chole/rajma/tandoori/delivery and North-style office eating.
Delhi,BENGALURU_HYD_CHENNAI,Bengaluru/Hyderabad/Chennai,0.55,0.3,0.15,BF_FERMENTED_CREPE_PAN|BF_STEAMED_FERMENTED_LIGHT|LD_SOUTH_SAMBAR_RASAM|LD_CHICKEN_BIRYANI_PULAO|LD_MODERN_SALAD_BOWL,"Add idli/dosa, rice meals, biryani where nonveg, tech-city health/delivery."
Delhi,KOLKATA_EAST,Kolkata/East metro,0.55,0.3,0.15,LD_BENGALI_VEG_DAL_BHAAT|LD_BENGALI_FISH_MEAL|SN_SWEET_REGIONAL|SN_STREET_CHAAT|BF_POHA_CHIVDA_LIGHT,"Add dal-bhaat-bhaja, fish if nonveg, sweets and chaats."
Delhi,AHMEDABAD_SURAT,Ahmedabad/Surat/Vadodara,0.55,0.3,0.15,BF_JAIN_BREAKFAST|LD_GUJARATI_THALI|LD_JAIN_NO_ROOT_MAIN|SN_STEAMED_SNACK|SN_NAMKEEN_CHIVDA,Add Gujarati/Jain/veg snack-heavy pattern; nonveg not assumed unless explicit.
Delhi,GOA_COASTAL,Goa/Kochi/Mangalore/coastal city,0.55,0.3,0.15,LD_FISH_CURRY_RICE|LD_COCONUT_VEG_STEW|LD_PRAWN_CRAB_COASTAL|BF_FERMENTED_CREPE_PAN|SN_NONVEG_SNACK,Add rice-fish/coastal coconut if nonveg; veg users get coconut stew/curd rice.
Delhi,PAN_INDIA_PG_HOSTEL,PG/hostel/corporate relocation,0.45,0.25,0.3,BF_BREAD_MODERN_FAST|LD_ONE_POT_PRESSURE|LD_OUTSIDE_DELIVERY_INDIAN|SN_MOMO_NOODLES_SNACK|DN_ONE_POT_DINNER,Higher outside/one-pot/bread/noodles; ask kitchen access before recipes.
Jammu & Kashmir,HOME_STATE_TIER1,Home-state major city,0.7,0.2,0.1,BF_BREAD_MODERN_FAST|LD_MODERN_SALAD_BOWL|LD_OUTSIDE_DELIVERY_INDIAN|SN_BAKERY_CAFE,Use state signature with more delivery/modern breakfast.
Jammu & Kashmir,HOME_STATE_TIER2,Home-state tier 2 city,0.8,0.15,0.05,BF_POHA_CHIVDA_LIGHT|LD_DAL_ROTI_SABZI|SN_TEA_BISCUIT_RUSK|DN_LIGHT_ROTI_SABZI,Use state signature strongly; lower delivery and more home food.
Jammu & Kashmir,MUMBAI_PUNE,Mumbai/Pune/Thane/Navi Mumbai,0.55,0.3,0.15,BF_POHA_CHIVDA_LIGHT|LD_MAHARASHTRIAN_PITLA_BHAKRI|LD_MODERN_SALAD_BOWL|SN_STREET_CHAAT|DN_LIGHT_ROTI_SABZI,"Add poha, chaat/vada-pav, office lunch, health bowl; keep home-state dinner 3-4 days."
Jammu & Kashmir,DELHI_NCR,Delhi NCR/Gurugram/Noida,0.55,0.3,0.15,BF_STUFFED_FLATBREAD|LD_RAJMA_CHOLE_LEGUME|LD_PANEER_RICH_GRAVY|LD_TANDOORI_GRILL_NONVEG|SN_STREET_CHAAT,Add paratha/chole/rajma/tandoori/delivery and North-style office eating.
Jammu & Kashmir,BENGALURU_HYD_CHENNAI,Bengaluru/Hyderabad/Chennai,0.55,0.3,0.15,BF_FERMENTED_CREPE_PAN|BF_STEAMED_FERMENTED_LIGHT|LD_SOUTH_SAMBAR_RASAM|LD_CHICKEN_BIRYANI_PULAO|LD_MODERN_SALAD_BOWL,"Add idli/dosa, rice meals, biryani where nonveg, tech-city health/delivery."
Jammu & Kashmir,KOLKATA_EAST,Kolkata/East metro,0.55,0.3,0.15,LD_BENGALI_VEG_DAL_BHAAT|LD_BENGALI_FISH_MEAL|SN_SWEET_REGIONAL|SN_STREET_CHAAT|BF_POHA_CHIVDA_LIGHT,"Add dal-bhaat-bhaja, fish if nonveg, sweets and chaats."
Jammu & Kashmir,AHMEDABAD_SURAT,Ahmedabad/Surat/Vadodara,0.55,0.3,0.15,BF_JAIN_BREAKFAST|LD_GUJARATI_THALI|LD_JAIN_NO_ROOT_MAIN|SN_STEAMED_SNACK|SN_NAMKEEN_CHIVDA,Add Gujarati/Jain/veg snack-heavy pattern; nonveg not assumed unless explicit.
Jammu & Kashmir,GOA_COASTAL,Goa/Kochi/Mangalore/coastal city,0.55,0.3,0.15,LD_FISH_CURRY_RICE|LD_COCONUT_VEG_STEW|LD_PRAWN_CRAB_COASTAL|BF_FERMENTED_CREPE_PAN|SN_NONVEG_SNACK,Add rice-fish/coastal coconut if nonveg; veg users get coconut stew/curd rice.
Jammu & Kashmir,PAN_INDIA_PG_HOSTEL,PG/hostel/corporate relocation,0.45,0.25,0.3,BF_BREAD_MODERN_FAST|LD_ONE_POT_PRESSURE|LD_OUTSIDE_DELIVERY_INDIAN|SN_MOMO_NOODLES_SNACK|DN_ONE_POT_DINNER,Higher outside/one-pot/bread/noodles; ask kitchen access before recipes.
Ladakh,HOME_STATE_TIER1,Home-state major city,0.7,0.2,0.1,BF_BREAD_MODERN_FAST|LD_MODERN_SALAD_BOWL|LD_OUTSIDE_DELIVERY_INDIAN|SN_BAKERY_CAFE,Use state signature with more delivery/modern breakfast.
Ladakh,HOME_STATE_TIER2,Home-state tier 2 city,0.8,0.15,0.05,BF_POHA_CHIVDA_LIGHT|LD_DAL_ROTI_SABZI|SN_TEA_BISCUIT_RUSK|DN_LIGHT_ROTI_SABZI,Use state signature strongly; lower delivery and more home food.
Ladakh,MUMBAI_PUNE,Mumbai/Pune/Thane/Navi Mumbai,0.55,0.3,0.15,BF_POHA_CHIVDA_LIGHT|LD_MAHARASHTRIAN_PITLA_BHAKRI|LD_MODERN_SALAD_BOWL|SN_STREET_CHAAT|DN_LIGHT_ROTI_SABZI,"Add poha, chaat/vada-pav, office lunch, health bowl; keep home-state dinner 3-4 days."
Ladakh,DELHI_NCR,Delhi NCR/Gurugram/Noida,0.55,0.3,0.15,BF_STUFFED_FLATBREAD|LD_RAJMA_CHOLE_LEGUME|LD_PANEER_RICH_GRAVY|LD_TANDOORI_GRILL_NONVEG|SN_STREET_CHAAT,Add paratha/chole/rajma/tandoori/delivery and North-style office eating.
Ladakh,BENGALURU_HYD_CHENNAI,Bengaluru/Hyderabad/Chennai,0.55,0.3,0.15,BF_FERMENTED_CREPE_PAN|BF_STEAMED_FERMENTED_LIGHT|LD_SOUTH_SAMBAR_RASAM|LD_CHICKEN_BIRYANI_PULAO|LD_MODERN_SALAD_BOWL,"Add idli/dosa, rice meals, biryani where nonveg, tech-city health/delivery."
Ladakh,KOLKATA_EAST,Kolkata/East metro,0.55,0.3,0.15,LD_BENGALI_VEG_DAL_BHAAT|LD_BENGALI_FISH_MEAL|SN_SWEET_REGIONAL|SN_STREET_CHAAT|BF_POHA_CHIVDA_LIGHT,"Add dal-bhaat-bhaja, fish if nonveg, sweets and chaats."
Ladakh,AHMEDABAD_SURAT,Ahmedabad/Surat/Vadodara,0.55,0.3,0.15,BF_JAIN_BREAKFAST|LD_GUJARATI_THALI|LD_JAIN_NO_ROOT_MAIN|SN_STEAMED_SNACK|SN_NAMKEEN_CHIVDA,Add Gujarati/Jain/veg snack-heavy pattern; nonveg not assumed unless explicit.
Ladakh,GOA_COASTAL,Goa/Kochi/Mangalore/coastal city,0.55,0.3,0.15,LD_FISH_CURRY_RICE|LD_COCONUT_VEG_STEW|LD_PRAWN_CRAB_COASTAL|BF_FERMENTED_CREPE_PAN|SN_NONVEG_SNACK,Add rice-fish/coastal coconut if nonveg; veg users get coconut stew/curd rice.
Ladakh,PAN_INDIA_PG_HOSTEL,PG/hostel/corporate relocation,0.45,0.25,0.3,BF_BREAD_MODERN_FAST|LD_ONE_POT_PRESSURE|LD_OUTSIDE_DELIVERY_INDIAN|SN_MOMO_NOODLES_SNACK|DN_ONE_POT_DINNER,Higher outside/one-pot/bread/noodles; ask kitchen access before recipes.
Lakshadweep,HOME_STATE_TIER1,Home-state major city,0.7,0.2,0.1,BF_BREAD_MODERN_FAST|LD_MODERN_SALAD_BOWL|LD_OUTSIDE_DELIVERY_INDIAN|SN_BAKERY_CAFE,Use state signature with more delivery/modern breakfast.
Lakshadweep,HOME_STATE_TIER2,Home-state tier 2 city,0.8,0.15,0.05,BF_POHA_CHIVDA_LIGHT|LD_DAL_ROTI_SABZI|SN_TEA_BISCUIT_RUSK|DN_LIGHT_ROTI_SABZI,Use state signature strongly; lower delivery and more home food.
Lakshadweep,MUMBAI_PUNE,Mumbai/Pune/Thane/Navi Mumbai,0.55,0.3,0.15,BF_POHA_CHIVDA_LIGHT|LD_MAHARASHTRIAN_PITLA_BHAKRI|LD_MODERN_SALAD_BOWL|SN_STREET_CHAAT|DN_LIGHT_ROTI_SABZI,"Add poha, chaat/vada-pav, office lunch, health bowl; keep home-state dinner 3-4 days."
Lakshadweep,DELHI_NCR,Delhi NCR/Gurugram/Noida,0.55,0.3,0.15,BF_STUFFED_FLATBREAD|LD_RAJMA_CHOLE_LEGUME|LD_PANEER_RICH_GRAVY|LD_TANDOORI_GRILL_NONVEG|SN_STREET_CHAAT,Add paratha/chole/rajma/tandoori/delivery and North-style office eating.
Lakshadweep,BENGALURU_HYD_CHENNAI,Bengaluru/Hyderabad/Chennai,0.55,0.3,0.15,BF_FERMENTED_CREPE_PAN|BF_STEAMED_FERMENTED_LIGHT|LD_SOUTH_SAMBAR_RASAM|LD_CHICKEN_BIRYANI_PULAO|LD_MODERN_SALAD_BOWL,"Add idli/dosa, rice meals, biryani where nonveg, tech-city health/delivery."
Lakshadweep,KOLKATA_EAST,Kolkata/East metro,0.55,0.3,0.15,LD_BENGALI_VEG_DAL_BHAAT|LD_BENGALI_FISH_MEAL|SN_SWEET_REGIONAL|SN_STREET_CHAAT|BF_POHA_CHIVDA_LIGHT,"Add dal-bhaat-bhaja, fish if nonveg, sweets and chaats."
Lakshadweep,AHMEDABAD_SURAT,Ahmedabad/Surat/Vadodara,0.55,0.3,0.15,BF_JAIN_BREAKFAST|LD_GUJARATI_THALI|LD_JAIN_NO_ROOT_MAIN|SN_STEAMED_SNACK|SN_NAMKEEN_CHIVDA,Add Gujarati/Jain/veg snack-heavy pattern; nonveg not assumed unless explicit.
Lakshadweep,GOA_COASTAL,Goa/Kochi/Mangalore/coastal city,0.55,0.3,0.15,LD_FISH_CURRY_RICE|LD_COCONUT_VEG_STEW|LD_PRAWN_CRAB_COASTAL|BF_FERMENTED_CREPE_PAN|SN_NONVEG_SNACK,Add rice-fish/coastal coconut if nonveg; veg users get coconut stew/curd rice.
Lakshadweep,PAN_INDIA_PG_HOSTEL,PG/hostel/corporate relocation,0.45,0.25,0.3,BF_BREAD_MODERN_FAST|LD_ONE_POT_PRESSURE|LD_OUTSIDE_DELIVERY_INDIAN|SN_MOMO_NOODLES_SNACK|DN_ONE_POT_DINNER,Higher outside/one-pot/bread/noodles; ask kitchen access before recipes.
Puducherry,HOME_STATE_TIER1,Home-state major city,0.7,0.2,0.1,BF_BREAD_MODERN_FAST|LD_MODERN_SALAD_BOWL|LD_OUTSIDE_DELIVERY_INDIAN|SN_BAKERY_CAFE,Use state signature with more delivery/modern breakfast.
Puducherry,HOME_STATE_TIER2,Home-state tier 2 city,0.8,0.15,0.05,BF_POHA_CHIVDA_LIGHT|LD_DAL_ROTI_SABZI|SN_TEA_BISCUIT_RUSK|DN_LIGHT_ROTI_SABZI,Use state signature strongly; lower delivery and more home food.
Puducherry,MUMBAI_PUNE,Mumbai/Pune/Thane/Navi Mumbai,0.55,0.3,0.15,BF_POHA_CHIVDA_LIGHT|LD_MAHARASHTRIAN_PITLA_BHAKRI|LD_MODERN_SALAD_BOWL|SN_STREET_CHAAT|DN_LIGHT_ROTI_SABZI,"Add poha, chaat/vada-pav, office lunch, health bowl; keep home-state dinner 3-4 days."
Puducherry,DELHI_NCR,Delhi NCR/Gurugram/Noida,0.55,0.3,0.15,BF_STUFFED_FLATBREAD|LD_RAJMA_CHOLE_LEGUME|LD_PANEER_RICH_GRAVY|LD_TANDOORI_GRILL_NONVEG|SN_STREET_CHAAT,Add paratha/chole/rajma/tandoori/delivery and North-style office eating.
Puducherry,BENGALURU_HYD_CHENNAI,Bengaluru/Hyderabad/Chennai,0.55,0.3,0.15,BF_FERMENTED_CREPE_PAN|BF_STEAMED_FERMENTED_LIGHT|LD_SOUTH_SAMBAR_RASAM|LD_CHICKEN_BIRYANI_PULAO|LD_MODERN_SALAD_BOWL,"Add idli/dosa, rice meals, biryani where nonveg, tech-city health/delivery."
Puducherry,KOLKATA_EAST,Kolkata/East metro,0.55,0.3,0.15,LD_BENGALI_VEG_DAL_BHAAT|LD_BENGALI_FISH_MEAL|SN_SWEET_REGIONAL|SN_STREET_CHAAT|BF_POHA_CHIVDA_LIGHT,"Add dal-bhaat-bhaja, fish if nonveg, sweets and chaats."
Puducherry,AHMEDABAD_SURAT,Ahmedabad/Surat/Vadodara,0.55,0.3,0.15,BF_JAIN_BREAKFAST|LD_GUJARATI_THALI|LD_JAIN_NO_ROOT_MAIN|SN_STEAMED_SNACK|SN_NAMKEEN_CHIVDA,Add Gujarati/Jain/veg snack-heavy pattern; nonveg not assumed unless explicit.
Puducherry,GOA_COASTAL,Goa/Kochi/Mangalore/coastal city,0.55,0.3,0.15,LD_FISH_CURRY_RICE|LD_COCONUT_VEG_STEW|LD_PRAWN_CRAB_COASTAL|BF_FERMENTED_CREPE_PAN|SN_NONVEG_SNACK,Add rice-fish/coastal coconut if nonveg; veg users get coconut stew/curd rice.
Puducherry,PAN_INDIA_PG_HOSTEL,PG/hostel/corporate relocation,0.45,0.25,0.3,BF_BREAD_MODERN_FAST|LD_ONE_POT_PRESSURE|LD_OUTSIDE_DELIVERY_INDIAN|SN_MOMO_NOODLES_SNACK|DN_ONE_POT_DINNER,Higher outside/one-pot/bread/noodles; ask kitchen access before recipes.
